scene,loc_id,sigma_1,n_raw,n_planned,clamped,x,y,z,probe_seconds
office_1,5,0.091782,25,25,,-0.665002,-1.016517,-0.970334,1.36
office_1,10,0.072069,16,16,,-0.165002,-1.016517,-0.470334,1.27
office_1,11,0.068717,14,14,,-0.165002,-1.016517,-0.970334,1.22
office_1,14,0.069424,15,15,,0.334998,-1.016517,0.029666,1.3
office_1,15,0.076623,18,18,,0.334998,-1.016517,-0.470334,1.27
office_1,16,0.070539,15,15,,0.334998,-1.016517,-0.970334,1.26
office_1,20,0.073688,17,17,,0.834998,-1.016517,0.029666,1.31
office_1,22,0.076676,18,18,,0.834998,-1.016517,-0.970334,1.27
office_1,23,0.07975,19,19,,0.834998,-1.016517,-1.470334,1.26
office_1,27,0.071101,15,15,,1.334998,-1.016517,-0.970334,1.26
office_1,28,0.078883,19,19,,1.334998,-1.016517,-1.470334,1.29
office_1,31,0.081224,20,20,,1.834998,-1.016517,-0.970334,1.31
office_1,32,0.086244,22,22,,1.834998,-1.016517,-1.470334,1.3
office_1,33,0.094686,27,27,,1.834998,-1.016517,-1.970334,1.31
office_1,35,0.099528,30,30,,2.334998,-1.016517,-0.970334,1.3
office_1,36,0.086555,23,23,,2.334998,-1.016517,-1.470334,1.32
apartment_2,3,0.085813,22,22,,-1.941352,-1.659589,-0.384727,1.2
apartment_2,4,0.073444,16,16,,-1.941352,-1.659589,-0.884727,1.22
apartment_2,5,0.075906,18,18,,-1.941352,-1.659589,-1.384727,1.18
apartment_2,8,0.076244,18,18,,-1.441352,-1.659589,-0.384727,1.19
apartment_2,9,0.077169,18,18,,-1.441352,-1.659589,-0.884727,1.19
apartment_2,10,0.072032,16,16,,-1.441352,-1.659589,-1.384727,1.21
apartment_2,11,0.068229,14,14,,-0.941352,-1.659589,1.115273,1.17
apartment_2,16,0.071394,16,16,,-0.941352,-1.659589,-1.384727,1.13
apartment_2,17,0.04748,7,7,,-0.941352,-1.659589,-1.884727,0.85
apartment_2,18,0.035127,4,6,min,-0.941352,-1.659589,-2.384727,1.0
apartment_2,19,0.035992,4,6,min,-0.941352,-1.659589,-2.884727,0.81
apartment_2,21,0.081397,20,20,,-0.441352,-1.659589,1.115273,0.87
apartment_2,26,0.064589,13,13,,-0.441352,-1.659589,-1.384727,1.19
apartment_2,27,0.052923,9,9,,-0.441352,-1.659589,-1.884727,0.91
apartment_2,28,0.038115,5,6,min,-0.441352,-1.659589,-2.384727,1.01
apartment_2,29,0.034873,4,6,min,-0.441352,-1.659589,-2.884727,0.94
apartment_2,30,0.030015,3,6,min,-0.441352,-1.659589,-3.384727,1.01
apartment_2,31,0.03011,3,6,min,-0.441352,-1.659589,-3.884727,0.68
apartment_2,33,0.073953,17,17,,0.058648,-1.659589,1.115273,0.97
apartment_2,34,0.074135,17,17,,0.058648,-1.659589,0.615273,1.22
apartment_2,35,0.070923,15,15,,0.058648,-1.659589,0.115273,1.16
apartment_2,36,0.066042,13,13,,0.058648,-1.659589,-0.384727,1.16
apartment_2,37,0.061975,12,12,,0.058648,-1.659589,-0.884727,1.13
apartment_2,38,0.057546,10,10,,0.058648,-1.659589,-1.384727,1.14
apartment_2,39,0.048332,7,7,,0.058648,-1.659589,-1.884727,0.97
apartment_2,40,0.041496,6,6,,0.058648,-1.659589,-2.384727,0.9
apartment_2,41,0.037005,5,6,min,0.058648,-1.659589,-2.884727,0.93
apartment_2,42,0.034907,4,6,min,0.058648,-1.659589,-3.384727,1.14
apartment_2,43,0.031922,4,6,min,0.058648,-1.659589,-3.884727,1.05
apartment_2,45,0.072788,16,16,,0.558648,-1.659589,1.115273,1.28
apartment_2,46,0.086507,23,23,,0.558648,-1.659589,0.615273,1.22
apartment_2,50,0.056947,10,10,,0.558648,-1.659589,-1.884727,0.83
apartment_2,51,0.040902,5,6,min,0.558648,-1.659589,-2.384727,1.18
apartment_2,52,0.037934,5,6,min,0.558648,-1.659589,-2.884727,1.11
apartment_2,53,0.037192,5,6,min,0.558648,-1.659589,-3.384727,0.93
apartment_2,54,0.039524,5,6,min,0.558648,-1.659589,-3.884727,1.01
apartment_2,55,0.039826,5,6,min,0.558648,-1.659589,-4.384727,1.02
apartment_2,56,0.03291,4,6,min,0.558648,-1.659589,-4.884727,1.08
apartment_2,57,0.031772,3,6,min,0.558648,-1.659589,-5.384727,0.88
apartment_2,58,0.032661,4,6,min,0.558648,-1.659589,-5.884727,0.98
apartment_2,61,0.088497,24,24,,1.058648,-1.659589,0.115273,0.55
apartment_2,62,0.083646,21,21,,1.058648,-1.659589,-0.384727,1.19
apartment_2,63,0.054536,9,9,,1.058648,-1.659589,-0.884727,1.22
apartment_2,64,0.062963,12,12,,1.058648,-1.659589,-1.384727,0.82
apartment_2,65,0.061385,12,12,,1.058648,-1.659589,-1.884727,0.8
apartment_2,66,0.043285,6,6,,1.058648,-1.659589,-2.384727,0.77
apartment_2,67,0.042017,6,6,,1.058648,-1.659589,-2.884727,0.82
apartment_2,68,0.042484,6,6,,1.058648,-1.659589,-3.384727,0.9
apartment_2,69,0.040875,5,6,min,1.058648,-1.659589,-3.884727,0.96
apartment_2,70,0.034818,4,6,min,1.058648,-1.659589,-4.384727,1.17
apartment_2,71,0.036689,4,6,min,1.058648,-1.659589,-4.884727,0.99
apartment_2,72,0.036928,5,6,min,1.058648,-1.659589,-5.384727,0.99
apartment_2,73,0.041095,5,6,min,1.058648,-1.659589,-5.884727,1.02
apartment_2,74,0.036216,4,6,min,1.058648,-1.659589,-6.384727,1.07
apartment_2,77,0.076755,18,18,,1.558648,-1.659589,0.115273,0.52
apartment_2,78,0.070223,15,15,,1.558648,-1.659589,-0.384727,0.98
apartment_2,79,0.058262,11,11,,1.558648,-1.659589,-0.884727,1.13
apartment_2,80,0.063378,12,12,,1.558648,-1.659589,-1.384727,0.5
apartment_2,81,0.060075,11,11,,1.558648,-1.659589,-1.884727,0.98
apartment_2,82,0.05513,9,9,,1.558648,-1.659589,-2.384727,1.05
apartment_2,83,0.053018,9,9,,1.558648,-1.659589,-2.884727,1.01
apartment_2,84,0.050252,8,8,,1.558648,-1.659589,-3.384727,0.91
apartment_2,85,0.043301,6,6,,1.558648,-1.659589,-3.884727,0.97
apartment_2,86,0.040888,5,6,min,1.558648,-1.659589,-4.384727,0.94
apartment_2,87,0.043128,6,6,,1.558648,-1.659589,-4.884727,0.93
apartment_2,88,0.042985,6,6,,1.558648,-1.659589,-5.384727,1.0
apartment_2,89,0.04455,6,6,,1.558648,-1.659589,-5.884727,0.92
apartment_2,90,0.046126,7,7,,1.558648,-1.659589,-6.384727,0.99
apartment_2,93,0.063047,12,12,,2.058648,-1.659589,0.115273,0.58
apartment_2,94,0.06062,11,11,,2.058648,-1.659589,-0.384727,1.06
apartment_2,95,0.059574,11,11,,2.058648,-1.659589,-0.884727,1.12
apartment_2,96,0.064698,13,13,,2.058648,-1.659589,-1.384727,0.77
apartment_2,98,0.060855,11,11,,2.058648,-1.659589,-2.384727,0.78
apartment_2,99,0.052926,9,9,,2.058648,-1.659589,-2.884727,0.91
apartment_2,100,0.051216,8,8,,2.058648,-1.659589,-3.384727,1.01
apartment_2,101,0.051038,8,8,,2.058648,-1.659589,-3.884727,0.94
apartment_2,102,0.043964,6,6,,2.058648,-1.659589,-4.384727,1.08
apartment_2,103,0.047458,7,7,,2.058648,-1.659589,-4.884727,0.94
apartment_2,104,0.04748,7,7,,2.058648,-1.659589,-5.384727,1.04
apartment_2,105,0.048973,8,8,,2.058648,-1.659589,-5.884727,1.05
apartment_2,106,0.045668,7,7,,2.058648,-1.659589,-6.384727,1.02
apartment_2,107,0.063034,12,12,,2.558648,-1.659589,1.115273,0.68
apartment_2,108,0.055958,10,10,,2.558648,-1.659589,0.615273,1.25
apartment_2,109,0.058284,11,11,,2.558648,-1.659589,0.115273,1.23
apartment_2,110,0.055179,9,9,,2.558648,-1.659589,-0.384727,1.25
apartment_2,111,0.063216,12,12,,2.558648,-1.659589,-0.884727,1.23
apartment_2,113,0.068696,14,14,,2.558648,-1.659589,-2.384727,0.64
apartment_2,114,0.057067,10,10,,2.558648,-1.659589,-2.884727,0.82
apartment_2,115,0.058175,10,10,,2.558648,-1.659589,-3.384727,1.0
apartment_2,117,0.051217,8,8,,2.558648,-1.659589,-4.384727,1.31
apartment_2,120,0.052083,9,9,,2.558648,-1.659589,-5.884727,0.95
apartment_2,122,0.066797,14,14,,3.058648,-1.659589,1.115273,0.67
apartment_2,123,0.055502,10,10,,3.058648,-1.659589,0.615273,1.26
apartment_2,129,0.070494,15,15,,3.058648,-1.659589,-2.884727,1.42
apartment_2,132,0.060127,11,11,,3.058648,-1.659589,-4.384727,1.1
apartment_2,133,0.064712,13,13,,3.058648,-1.659589,-5.884727,1.12
apartment_2,134,0.065854,13,13,,3.058648,-1.659589,-6.384727,1.24
apartment_2,135,0.077729,18,18,,3.058648,-1.659589,-6.884727,1.28
apartment_2,136,0.077151,18,18,,3.058648,-1.659589,-7.384727,1.26
apartment_2,137,0.084372,22,22,,3.058648,-1.659589,-7.884727,1.2
apartment_2,138,0.069793,15,15,,3.558648,-1.659589,1.115273,1.1
apartment_2,139,0.053631,9,9,,3.558648,-1.659589,0.615273,1.2
apartment_2,145,0.07341,16,16,,3.558648,-1.659589,-2.884727,1.33
apartment_2,148,0.070499,15,15,,3.558648,-1.659589,-4.384727,1.18
apartment_2,151,0.071096,15,15,,3.558648,-1.659589,-5.884727,1.11
apartment_2,152,0.071108,15,15,,3.558648,-1.659589,-6.384727,1.22
apartment_2,153,0.079928,19,19,,3.558648,-1.659589,-6.884727,1.24
apartment_2,155,0.084483,22,22,,3.558648,-1.659589,-7.884727,1.25
apartment_2,156,0.066053,13,13,,4.058648,-1.659589,1.115273,1.16
apartment_2,157,0.055726,10,10,,4.058648,-1.659589,0.615273,1.2
apartment_2,163,0.063081,12,12,,4.058648,-1.659589,-2.884727,1.35
apartment_2,164,0.067613,14,14,,4.058648,-1.659589,-3.384727,1.2
apartment_2,165,0.066302,13,13,,4.058648,-1.659589,-3.884727,1.2
apartment_2,166,0.078484,19,19,,4.058648,-1.659589,-4.384727,1.22
apartment_2,173,0.079564,19,19,,4.058648,-1.659589,-7.884727,1.21
apartment_2,175,0.059209,11,11,,4.558648,-1.659589,0.615273,1.16
apartment_2,184,0.071851,16,16,,4.558648,-1.659589,-4.384727,1.3
apartment_2,191,0.075106,17,17,,4.558648,-1.659589,-7.884727,1.2
apartment_2,192,0.092819,26,26,,5.058648,-1.659589,1.115273,1.19
apartment_2,193,0.065073,13,13,,5.058648,-1.659589,0.615273,1.22
apartment_2,202,0.070325,15,15,,5.058648,-1.659589,-4.384727,1.3
apartment_2,209,0.08247,21,21,,5.058648,-1.659589,-7.884727,1.18
apartment_2,210,0.071036,15,15,,5.558648,-1.659589,0.615273,1.2
apartment_2,211,0.067051,14,14,,5.558648,-1.659589,0.115273,1.21
apartment_2,213,0.062089,12,12,,5.558648,-1.659589,-0.884727,1.22
apartment_2,214,0.078255,19,19,,5.558648,-1.659589,-1.384727,1.21
apartment_2,220,0.075125,17,17,,5.558648,-1.659589,-4.384727,1.3
apartment_2,223,0.081652,20,20,,5.558648,-1.659589,-5.884727,1.11
apartment_2,224,0.080236,20,20,,5.558648,-1.659589,-6.384727,1.2
apartment_2,226,0.079595,19,19,,5.558648,-1.659589,-7.384727,1.17
apartment_2,227,0.074372,17,17,,5.558648,-1.659589,-7.884727,1.17
apartment_2,230,0.069217,15,15,,6.058648,-1.659589,0.615273,1.19
apartment_2,231,0.067223,14,14,,6.058648,-1.659589,0.115273,1.25
apartment_2,232,0.068838,14,14,,6.058648,-1.659589,-0.384727,1.22
apartment_2,233,0.063372,12,12,,6.058648,-1.659589,-0.884727,1.21
apartment_2,234,0.086169,22,22,,6.058648,-1.659589,-1.384727,1.24
apartment_2,240,0.074867,17,17,,6.058648,-1.659589,-4.384727,1.31
apartment_2,243,0.084106,21,21,,6.058648,-1.659589,-5.884727,1.13
apartment_2,244,0.099453,30,30,,6.058648,-1.659589,-6.384727,1.18
apartment_2,245,0.093226,26,26,,6.058648,-1.659589,-6.884727,1.18
apartment_2,246,0.091788,25,25,,6.058648,-1.659589,-7.384727,1.16
apartment_2,247,0.081695,20,20,,6.058648,-1.659589,-7.884727,1.2
frl_apartment_5,0,0.101389,31,31,,-3.153635,-1.470114,0.101726,1.0
frl_apartment_5,1,0.078813,19,19,,-3.153635,-1.470114,-0.398274,1.0
frl_apartment_5,2,0.093043,26,26,,-3.153635,-1.470114,-0.898274,1.03
frl_apartment_5,3,0.101483,31,31,,-2.653635,-1.470114,0.101726,1.02
frl_apartment_5,4,0.084766,22,22,,-2.653635,-1.470114,-0.398274,1.01
frl_apartment_5,5,0.082693,21,21,,-2.653635,-1.470114,-0.898274,1.0
frl_apartment_5,10,0.083547,21,21,,-2.153635,-1.470114,0.101726,1.01
frl_apartment_5,11,0.072391,16,16,,-2.153635,-1.470114,-0.398274,1.03
frl_apartment_5,12,0.074721,17,17,,-2.153635,-1.470114,-0.898274,1.06
frl_apartment_5,20,0.069379,15,15,,-1.653635,-1.470114,-0.398274,1.0
frl_apartment_5,21,0.072836,16,16,,-1.653635,-1.470114,-0.898274,1.05
frl_apartment_5,28,0.074834,17,17,,-1.153635,-1.470114,0.101726,0.94
frl_apartment_5,29,0.065467,13,13,,-1.153635,-1.470114,-0.398274,0.98
frl_apartment_5,30,0.067343,14,14,,-1.153635,-1.470114,-0.898274,1.01
frl_apartment_5,36,0.065931,13,13,,-0.653635,-1.470114,0.101726,0.95
frl_apartment_5,37,0.057729,10,10,,-0.653635,-1.470114,-0.398274,1.01
frl_apartment_5,38,0.067317,14,14,,-0.653635,-1.470114,-0.898274,1.04
frl_apartment_5,45,0.057042,10,10,,-0.153635,-1.470114,0.101726,0.96
frl_apartment_5,46,0.054097,9,9,,-0.153635,-1.470114,-0.398274,1.0
frl_apartment_5,53,0.077247,18,18,,0.346365,-1.470114,0.601726,0.97
frl_apartment_5,54,0.055018,9,9,,0.346365,-1.470114,0.101726,0.97
frl_apartment_5,55,0.052546,9,9,,0.346365,-1.470114,-0.398274,1.04
frl_apartment_5,57,0.046263,7,7,,0.346365,-1.470114,-3.398274,0.8
frl_apartment_5,58,0.054184,9,9,,0.346365,-1.470114,-3.898274,0.94
frl_apartment_5,59,0.058568,11,11,,0.346365,-1.470114,-4.398274,0.95
frl_apartment_5,60,0.058939,11,11,,0.346365,-1.470114,-4.898274,0.99
frl_apartment_5,63,0.052458,9,9,,0.846365,-1.470114,0.101726,1.22
frl_apartment_5,64,0.045615,7,7,,0.846365,-1.470114,-0.398274,0.99
frl_apartment_5,65,0.056081,10,10,,0.846365,-1.470114,-0.898274,1.0
frl_apartment_5,67,0.060118,11,11,,0.846365,-1.470114,-2.898274,0.86
frl_apartment_5,68,0.044041,6,6,,0.846365,-1.470114,-3.398274,0.89
frl_apartment_5,69,0.043352,6,6,,0.846365,-1.470114,-3.898274,0.95
frl_apartment_5,70,0.047685,7,7,,0.846365,-1.470114,-4.398274,0.96
frl_apartment_5,71,0.053495,9,9,,0.846365,-1.470114,-4.898274,1.0
frl_apartment_5,72,0.054833,9,9,,0.846365,-1.470114,-5.398274,1.04
frl_apartment_5,74,0.054681,9,9,,1.346365,-1.470114,0.101726,1.03
frl_apartment_5,75,0.04563,7,7,,1.346365,-1.470114,-0.398274,0.98
frl_apartment_5,76,0.044361,6,6,,1.346365,-1.470114,-0.898274,0.95
frl_apartment_5,77,0.052797,9,9,,1.346365,-1.470114,-1.398274,0.91
frl_apartment_5,78,0.04957,8,8,,1.346365,-1.470114,-1.898274,0.93
frl_apartment_5,79,0.051757,8,8,,1.346365,-1.470114,-2.398274,0.87
frl_apartment_5,80,0.037968,5,6,min,1.346365,-1.470114,-2.898274,0.97
frl_apartment_5,81,0.037777,5,6,min,1.346365,-1.470114,-3.398274,0.96
frl_apartment_5,82,0.037772,5,6,min,1.346365,-1.470114,-3.898274,0.88
frl_apartment_5,83,0.042707,6,6,,1.346365,-1.470114,-4.398274,0.98
frl_apartment_5,84,0.045183,7,7,,1.346365,-1.470114,-4.898274,0.97
frl_apartment_5,87,0.053987,9,9,,1.846365,-1.470114,0.101726,1.15
frl_apartment_5,88,0.041037,5,6,min,1.846365,-1.470114,-0.398274,0.99
frl_apartment_5,89,0.036899,5,6,min,1.846365,-1.470114,-0.898274,0.98
frl_apartment_5,90,0.045177,7,7,,1.846365,-1.470114,-1.398274,0.88
frl_apartment_5,91,0.044596,6,6,,1.846365,-1.470114,-1.898274,0.95
frl_apartment_5,92,0.039211,5,6,min,1.846365,-1.470114,-2.398274,0.96
frl_apartment_5,93,0.034127,4,6,min,1.846365,-1.470114,-2.898274,0.96
frl_apartment_5,94,0.032681,4,6,min,1.846365,-1.470114,-3.398274,0.96
frl_apartment_5,95,0.036267,4,6,min,1.846365,-1.470114,-3.898274,0.95
frl_apartment_5,96,0.035834,4,6,min,1.846365,-1.470114,-4.398274,0.96
frl_apartment_5,97,0.040882,5,6,min,1.846365,-1.470114,-4.898274,0.97
frl_apartment_5,100,0.049549,8,8,,2.346365,-1.470114,0.101726,1.09
frl_apartment_5,101,0.038742,5,6,min,2.346365,-1.470114,-0.398274,0.91
frl_apartment_5,102,0.037769,5,6,min,2.346365,-1.470114,-0.898274,0.97
frl_apartment_5,103,0.037566,5,6,min,2.346365,-1.470114,-1.398274,0.95
frl_apartment_5,104,0.039934,5,6,min,2.346365,-1.470114,-1.898274,0.96
frl_apartment_5,105,0.03707,5,6,min,2.346365,-1.470114,-2.398274,0.96
frl_apartment_5,106,0.035024,4,6,min,2.346365,-1.470114,-2.898274,0.95
frl_apartment_5,107,0.030753,3,6,min,2.346365,-1.470114,-3.398274,0.94
frl_apartment_5,108,0.032332,4,6,min,2.346365,-1.470114,-3.898274,0.93
frl_apartment_5,109,0.033976,4,6,min,2.346365,-1.470114,-4.398274,0.96
frl_apartment_5,110,0.040242,5,6,min,2.346365,-1.470114,-4.898274,0.93
frl_apartment_5,111,0.054903,9,9,,2.346365,-1.470114,-5.398274,0.96
frl_apartment_5,113,0.049576,8,8,,2.846365,-1.470114,0.101726,1.02
frl_apartment_5,114,0.040562,5,6,min,2.846365,-1.470114,-0.398274,0.99
frl_apartment_5,115,0.035752,4,6,min,2.846365,-1.470114,-0.898274,0.98
frl_apartment_5,116,0.036517,4,6,min,2.846365,-1.470114,-1.398274,0.97
frl_apartment_5,117,0.038409,5,6,min,2.846365,-1.470114,-1.898274,0.98
frl_apartment_5,120,0.031594,3,6,min,2.846365,-1.470114,-3.398274,0.79
frl_apartment_5,121,0.030509,3,6,min,2.846365,-1.470114,-3.898274,0.97
frl_apartment_5,122,0.038398,5,6,min,2.846365,-1.470114,-4.398274,0.95
frl_apartment_5,127,0.048646,7,7,,3.346365,-1.470114,0.101726,1.08
frl_apartment_5,128,0.040496,5,6,min,3.346365,-1.470114,-0.398274,0.98
frl_apartment_5,129,0.039502,5,6,min,3.346365,-1.470114,-0.898274,1.0
frl_apartment_5,130,0.039246,5,6,min,3.346365,-1.470114,-1.398274,0.99
frl_apartment_5,134,0.03355,4,6,min,3.346365,-1.470114,-3.398274,0.92
frl_apartment_5,135,0.029517,3,6,min,3.346365,-1.470114,-3.898274,0.98
frl_apartment_5,136,0.03362,4,6,min,3.346365,-1.470114,-4.398274,0.98
frl_apartment_5,140,0.049145,8,8,,3.846365,-1.470114,0.101726,1.13
frl_apartment_5,141,0.045093,7,7,,3.846365,-1.470114,-0.398274,1.01
frl_apartment_5,142,0.040211,5,6,min,3.846365,-1.470114,-0.898274,1.0
frl_apartment_5,143,0.041136,5,6,min,3.846365,-1.470114,-1.398274,0.99
frl_apartment_5,147,0.034817,4,6,min,3.846365,-1.470114,-3.398274,0.91
frl_apartment_5,148,0.028162,3,6,min,3.846365,-1.470114,-3.898274,0.98
frl_apartment_5,149,0.030298,3,6,min,3.846365,-1.470114,-4.398274,0.97
frl_apartment_5,152,0.048488,7,7,,4.346365,-1.470114,0.101726,1.1
frl_apartment_5,153,0.047955,7,7,,4.346365,-1.470114,-0.398274,1.04
frl_apartment_5,154,0.052282,9,9,,4.346365,-1.470114,-0.898274,0.95
frl_apartment_5,155,0.052382,9,9,,4.346365,-1.470114,-1.398274,0.91
frl_apartment_5,156,0.044395,6,6,,4.346365,-1.470114,-1.898274,0.99
frl_apartment_5,157,0.038026,5,6,min,4.346365,-1.470114,-2.398274,0.98
frl_apartment_5,158,0.037153,5,6,min,4.346365,-1.470114,-2.898274,1.0
frl_apartment_5,159,0.034229,4,6,min,4.346365,-1.470114,-3.398274,0.97
frl_apartment_5,160,0.029518,3,6,min,4.346365,-1.470114,-3.898274,0.98
frl_apartment_5,161,0.029339,3,6,min,4.346365,-1.470114,-4.398274,1.0
frl_apartment_5,162,0.035803,4,6,min,4.346365,-1.470114,-4.898274,0.98
frl_apartment_5,164,0.04729,7,7,,4.846365,-1.470114,0.101726,1.15
frl_apartment_5,165,0.051441,8,8,,4.846365,-1.470114,-0.398274,1.03
frl_apartment_5,166,0.067455,14,14,,4.846365,-1.470114,-0.898274,1.05
frl_apartment_5,169,0.041019,5,6,min,4.846365,-1.470114,-2.398274,0.92
frl_apartment_5,170,0.033568,4,6,min,4.846365,-1.470114,-2.898274,0.95
frl_apartment_5,171,0.029505,3,6,min,4.846365,-1.470114,-3.398274,0.95
frl_apartment_5,172,0.027565,3,6,min,4.846365,-1.470114,-3.898274,0.96
frl_apartment_5,173,0.031655,3,6,min,4.846365,-1.470114,-4.398274,0.97
frl_apartment_5,174,0.038576,5,6,min,4.846365,-1.470114,-4.898274,0.91
frl_apartment_5,178,0.078671,19,19,,5.346365,-1.470114,-0.398274,1.16
frl_apartment_5,179,0.074264,17,17,,5.346365,-1.470114,-0.898274,1.06
frl_apartment_5,182,0.040828,5,6,min,5.346365,-1.470114,-2.398274,0.93
frl_apartment_5,183,0.036365,4,6,min,5.346365,-1.470114,-2.898274,0.98
frl_apartment_5,184,0.03114,3,6,min,5.346365,-1.470114,-3.398274,0.97
frl_apartment_5,185,0.028771,3,6,min,5.346365,-1.470114,-3.898274,0.98
frl_apartment_5,186,0.034184,4,6,min,5.346365,-1.470114,-4.398274,0.99
frl_apartment_5,187,0.039393,5,6,min,5.346365,-1.470114,-4.898274,0.98
frl_apartment_5,191,0.035458,4,6,min,5.846365,-1.470114,-2.898274,0.99
frl_apartment_5,192,0.033939,4,6,min,5.846365,-1.470114,-3.398274,0.84
frl_apartment_5,193,0.031769,3,6,min,5.846365,-1.470114,-3.898274,0.99
frl_apartment_5,194,0.036794,4,6,min,5.846365,-1.470114,-4.398274,0.99
frl_apartment_5,199,0.038832,5,6,min,6.346365,-1.470114,-2.898274,0.92
frl_apartment_5,200,0.03359,4,6,min,6.346365,-1.470114,-3.398274,0.98
frl_apartment_5,201,0.036921,5,6,min,6.346365,-1.470114,-3.898274,0.99
frl_apartment_5,202,0.040859,5,6,min,6.346365,-1.470114,-4.398274,0.98
frl_apartment_5,207,0.03758,5,6,min,6.846365,-1.470114,-2.898274,0.96
frl_apartment_5,208,0.036549,4,6,min,6.846365,-1.470114,-3.398274,0.99
frl_apartment_5,209,0.034227,4,6,min,6.846365,-1.470114,-3.898274,0.99
frl_apartment_5,210,0.046852,7,7,,6.846365,-1.470114,-4.398274,1.01
frl_apartment_5,215,0.036821,5,6,min,7.346365,-1.470114,-2.898274,0.98
frl_apartment_5,216,0.035149,4,6,min,7.346365,-1.470114,-3.398274,1.0
frl_apartment_5,217,0.037205,5,6,min,7.346365,-1.470114,-3.898274,0.99
frl_apartment_5,218,0.041577,6,6,,7.346365,-1.470114,-4.398274,1.0
frl_apartment_5,223,0.039873,5,6,min,7.846365,-1.470114,-2.898274,0.98
frl_apartment_5,224,0.038558,5,6,min,7.846365,-1.470114,-3.398274,0.98
frl_apartment_5,225,0.039124,5,6,min,7.846365,-1.470114,-3.898274,0.97
frl_apartment_5,226,0.051913,8,8,,7.846365,-1.470114,-4.398274,0.97
frl_apartment_5,227,0.066618,14,14,,7.846365,-1.470114,-4.898274,0.99
frl_apartment_5,231,0.050175,8,8,,8.346365,-1.470114,-2.898274,0.92
frl_apartment_5,232,0.047804,7,7,,8.346365,-1.470114,-3.398274,0.98
frl_apartment_5,233,0.044236,6,6,,8.346365,-1.470114,-3.898274,0.99
frl_apartment_5,234,0.05497,9,9,,8.346365,-1.470114,-4.398274,1.0
frl_apartment_5,235,0.079939,19,19,,8.346365,-1.470114,-4.898274,1.0
frl_apartment_5,242,0.073317,16,16,,8.846365,-1.470114,-4.398274,0.95
frl_apartment_5,243,0.107884,35,35,,8.846365,-1.470114,-4.898274,1.0
frl_apartment_5,247,0.094448,27,27,,9.346365,-1.470114,-4.898274,0.97
office_4,2,0.059676,11,11,,-0.681574,-1.238161,-0.176841,1.34
office_4,3,0.055916,10,10,,-0.681574,-1.238161,-0.676841,1.36
office_4,4,0.055606,10,10,,-0.681574,-1.238161,-1.176841,1.37
office_4,5,0.058159,10,10,,-0.681574,-1.238161,-1.676841,1.36
office_4,11,0.061759,12,12,,-0.181574,-1.238161,0.823159,1.35
office_4,12,0.058951,11,11,,-0.181574,-1.238161,0.323159,1.34
office_4,13,0.056739,10,10,,-0.181574,-1.238161,-0.176841,1.35
office_4,14,0.05595,10,10,,-0.181574,-1.238161,-0.676841,1.34
office_4,15,0.053128,9,9,,-0.181574,-1.238161,-1.176841,1.33
office_4,16,0.069422,15,15,,-0.181574,-1.238161,-1.676841,1.33
office_4,22,0.065043,13,13,,0.318426,-1.238161,0.823159,1.36
office_4,23,0.064097,13,13,,0.318426,-1.238161,0.323159,1.35
office_4,24,0.061661,12,12,,0.318426,-1.238161,-0.176841,1.36
office_4,25,0.063548,12,12,,0.318426,-1.238161,-0.676841,1.34
office_4,26,0.059486,11,11,,0.318426,-1.238161,-1.176841,1.33
office_4,27,0.057662,10,10,,0.318426,-1.238161,-1.676841,1.34
office_4,28,0.063418,12,12,,0.318426,-1.238161,-2.176841,1.31
office_4,29,0.063195,12,12,,0.318426,-1.238161,-2.676841,1.31
office_4,32,0.080787,20,20,,0.818426,-1.238161,1.823159,1.36
office_4,33,0.075572,17,17,,0.818426,-1.238161,1.323159,1.37
office_4,34,0.066432,14,14,,0.818426,-1.238161,0.823159,1.35
office_4,35,0.057606,10,10,,0.818426,-1.238161,0.323159,1.36
office_4,36,0.060743,11,11,,0.818426,-1.238161,-0.176841,1.32
office_4,37,0.061112,12,12,,0.818426,-1.238161,-0.676841,1.35
office_4,38,0.057776,10,10,,0.818426,-1.238161,-1.176841,1.31
office_4,39,0.055543,10,10,,0.818426,-1.238161,-1.676841,1.35
office_4,40,0.059192,11,11,,0.818426,-1.238161,-2.176841,1.35
office_4,41,0.062711,12,12,,0.818426,-1.238161,-2.676841,1.31
office_4,42,0.062142,12,12,,0.818426,-1.238161,-3.176841,1.34
office_4,43,0.080803,20,20,,0.818426,-1.238161,-3.676841,1.34
office_4,44,0.076916,18,18,,1.318426,-1.238161,1.823159,1.39
office_4,52,0.058515,11,11,,1.318426,-1.238161,-2.176841,1.3
office_4,53,0.060368,11,11,,1.318426,-1.238161,-2.676841,1.32
office_4,54,0.063154,12,12,,1.318426,-1.238161,-3.176841,1.31
office_4,55,0.063549,12,12,,1.318426,-1.238161,-3.676841,1.33
office_4,64,0.056501,10,10,,1.818426,-1.238161,-2.176841,1.34
office_4,65,0.060142,11,11,,1.818426,-1.238161,-2.676841,1.31
office_4,66,0.058572,11,11,,1.818426,-1.238161,-3.176841,1.32
office_4,67,0.060182,11,11,,1.818426,-1.238161,-3.676841,1.3
office_4,75,0.056255,10,10,,2.318426,-1.238161,-2.176841,1.31
office_4,76,0.060378,11,11,,2.318426,-1.238161,-2.676841,1.29
office_4,77,0.062475,12,12,,2.318426,-1.238161,-3.176841,1.32
office_4,78,0.059097,11,11,,2.318426,-1.238161,-3.676841,1.29
office_4,86,0.05546,10,10,,2.818426,-1.238161,-2.176841,1.31
office_4,87,0.059578,11,11,,2.818426,-1.238161,-2.676841,1.32
office_4,88,0.061913,12,12,,2.818426,-1.238161,-3.176841,1.33
office_4,89,0.063979,13,13,,2.818426,-1.238161,-3.676841,1.32
office_4,91,0.071762,16,16,,3.318426,-1.238161,0.823159,1.37
office_4,92,0.070972,15,15,,3.318426,-1.238161,0.323159,1.34
office_4,93,0.069712,15,15,,3.318426,-1.238161,-0.176841,1.33
office_4,94,0.066885,14,14,,3.318426,-1.238161,-0.676841,1.31
office_4,95,0.064526,13,13,,3.318426,-1.238161,-1.176841,1.32
office_4,96,0.061641,12,12,,3.318426,-1.238161,-1.676841,1.29
office_4,97,0.064048,13,13,,3.318426,-1.238161,-2.176841,1.31
office_4,98,0.063888,13,13,,3.318426,-1.238161,-2.676841,1.32
office_4,99,0.067015,14,14,,3.318426,-1.238161,-3.176841,1.35
office_4,101,0.073926,17,17,,3.818426,-1.238161,1.323159,1.39
office_4,102,0.069702,15,15,,3.818426,-1.238161,0.823159,1.31
office_4,103,0.07478,17,17,,3.818426,-1.238161,0.323159,1.3
office_4,104,0.069632,15,15,,3.818426,-1.238161,-0.176841,1.3
office_4,105,0.062328,12,12,,3.818426,-1.238161,-0.676841,1.31
office_4,106,0.061667,12,12,,3.818426,-1.238161,-1.176841,1.29
office_4,107,0.066346,14,14,,3.818426,-1.238161,-1.676841,1.3
office_4,108,0.063606,12,12,,3.818426,-1.238161,-2.176841,1.3
office_4,109,0.072361,16,16,,3.818426,-1.238161,-2.676841,1.31
office_4,110,0.071479,16,16,,3.818426,-1.238161,-3.176841,1.31
office_4,111,0.077991,18,18,,3.818426,-1.238161,-3.676841,1.34
office_4,112,0.072773,16,16,,4.318426,-1.238161,1.323159,1.36
office_4,113,0.07168,16,16,,4.318426,-1.238161,0.823159,1.32
office_4,114,0.079862,19,19,,4.318426,-1.238161,0.323159,1.33
office_4,115,0.076666,18,18,,4.318426,-1.238161,-0.176841,1.31
office_4,116,0.061886,12,12,,4.318426,-1.238161,-0.676841,1.3
office_4,117,0.060868,11,11,,4.318426,-1.238161,-1.176841,1.31
office_4,118,0.072237,16,16,,4.318426,-1.238161,-1.676841,1.32
office_4,119,0.066481,14,14,,4.318426,-1.238161,-2.176841,1.33
office_4,122,0.081958,20,20,,4.318426,-1.238161,-3.676841,1.34
room_0,8,0.058802,11,11,,-0.247094,-1.549177,0.586864,1.23
room_0,9,0.06082,11,11,,-0.247094,-1.549177,0.086864,1.24
room_0,14,0.064934,13,13,,-0.247094,-1.549177,-2.413136,1.22
room_0,15,0.06266,12,12,,-0.247094,-1.549177,-2.913136,1.23
room_0,16,0.06342,12,12,,0.252906,-1.549177,0.586864,1.21
room_0,17,0.063795,13,13,,0.252906,-1.549177,0.086864,1.2
room_0,18,0.058133,10,10,,0.252906,-1.549177,-0.413136,1.2
room_0,19,0.057893,10,10,,0.252906,-1.549177,-0.913136,1.22
room_0,20,0.056602,10,10,,0.252906,-1.549177,-1.413136,1.21
room_0,21,0.057058,10,10,,0.252906,-1.549177,-1.913136,1.22
room_0,22,0.066933,14,14,,0.252906,-1.549177,-2.413136,1.22
room_0,23,0.06343,12,12,,0.252906,-1.549177,-2.913136,1.2
room_0,25,0.058539,11,11,,0.752906,-1.549177,0.586864,1.23
room_0,26,0.060613,11,11,,0.752906,-1.549177,0.086864,1.2
room_0,27,0.060149,11,11,,0.752906,-1.549177,-0.413136,1.19
room_0,28,0.052153,9,9,,0.752906,-1.549177,-0.913136,1.19
room_0,29,0.056014,10,10,,0.752906,-1.549177,-1.413136,1.19
room_0,30,0.0589,11,11,,0.752906,-1.549177,-1.913136,1.2
room_0,31,0.058543,11,11,,0.752906,-1.549177,-2.413136,1.21
room_0,32,0.06803,14,14,,0.752906,-1.549177,-2.913136,1.2
room_0,34,0.056174,10,10,,1.252906,-1.549177,0.586864,1.22
room_0,35,0.051679,8,8,,1.252906,-1.549177,0.086864,1.22
room_0,36,0.054838,9,9,,1.252906,-1.549177,-0.413136,1.19
room_0,37,0.052894,9,9,,1.252906,-1.549177,-0.913136,1.19
room_0,38,0.051726,8,8,,1.252906,-1.549177,-1.413136,1.2
room_0,39,0.053716,9,9,,1.252906,-1.549177,-1.913136,1.2
room_0,40,0.056484,10,10,,1.252906,-1.549177,-2.413136,1.2
room_0,41,0.062273,12,12,,1.252906,-1.549177,-2.913136,1.21
room_0,43,0.075742,17,17,,1.752906,-1.549177,0.586864,1.29
room_0,44,0.053216,9,9,,1.752906,-1.549177,0.086864,1.2
room_0,49,0.057167,10,10,,1.752906,-1.549177,-2.413136,1.2
room_0,50,0.057635,10,10,,1.752906,-1.549177,-2.913136,1.18
room_0,54,0.048628,7,7,,2.252906,-1.549177,-0.413136,1.21
room_0,55,0.04593,7,7,,2.252906,-1.549177,-0.913136,1.22
room_0,57,0.050018,8,8,,2.252906,-1.549177,-1.913136,1.22
room_0,58,0.052646,9,9,,2.252906,-1.549177,-2.413136,1.2
room_0,59,0.056446,10,10,,2.252906,-1.549177,-2.913136,1.21
room_0,63,0.047934,7,7,,2.752906,-1.549177,-0.413136,1.24
room_0,64,0.042565,6,6,,2.752906,-1.549177,-0.913136,1.23
room_0,65,0.047282,7,7,,2.752906,-1.549177,-1.413136,1.2
room_0,66,0.05418,9,9,,2.752906,-1.549177,-1.913136,1.19
room_0,71,0.047292,7,7,,3.252906,-1.549177,-0.413136,1.2
room_0,74,0.051165,8,8,,3.252906,-1.549177,-1.913136,1.21
room_0,79,0.047043,7,7,,3.752906,-1.549177,-0.413136,1.22
room_0,82,0.049603,8,8,,3.752906,-1.549177,-1.913136,1.2
room_0,87,0.051761,8,8,,4.252906,-1.549177,-0.413136,1.22
room_0,90,0.053282,9,9,,4.252906,-1.549177,-1.913136,1.2
room_0,95,0.053618,9,9,,4.752906,-1.549177,-0.413136,1.23
room_0,96,0.05356,9,9,,4.752906,-1.549177,-0.913136,1.2
room_0,97,0.054143,9,9,,4.752906,-1.549177,-1.413136,1.19
room_0,98,0.053294,9,9,,4.752906,-1.549177,-1.913136,1.21
room_0,102,0.058488,11,11,,5.252906,-1.549177,0.586864,1.21
room_0,103,0.060746,11,11,,5.252906,-1.549177,0.086864,1.23
room_0,111,0.061785,12,12,,5.752906,-1.549177,0.586864,1.21
room_0,112,0.070091,15,15,,5.752906,-1.549177,0.086864,1.23
room_0,120,0.065797,13,13,,6.252906,-1.549177,0.586864,1.22
room_0,121,0.069688,15,15,,6.252906,-1.549177,0.086864,1.23
office_0,2,0.097918,29,29,,-1.305615,-0.897211,2.64878,1.25
office_0,3,0.076802,18,18,,-1.305615,-0.897211,2.14878,1.24
office_0,11,0.061705,12,12,,-0.805615,-0.897211,2.64878,1.24
office_0,12,0.067192,14,14,,-0.805615,-0.897211,2.14878,1.23
office_0,21,0.063259,12,12,,-0.305615,-0.897211,2.14878,1.22
office_0,22,0.062664,12,12,,-0.305615,-0.897211,1.64878,1.22
office_0,23,0.066452,14,14,,-0.305615,-0.897211,1.14878,1.23
office_0,30,0.058678,11,11,,0.194385,-0.897211,2.14878,1.25
office_0,31,0.063005,12,12,,0.194385,-0.897211,1.64878,1.23
office_0,32,0.057946,10,10,,0.194385,-0.897211,1.14878,1.23
office_0,36,0.05833,11,11,,0.194385,-0.897211,-0.85122,1.24
office_0,38,0.063227,12,12,,0.694385,-0.897211,2.14878,1.24
office_0,39,0.063633,12,12,,0.694385,-0.897211,1.64878,1.24
office_0,40,0.061878,12,12,,0.694385,-0.897211,1.14878,1.24
office_0,44,0.072044,16,16,,0.694385,-0.897211,-0.85122,1.24
office_0,46,0.073512,16,16,,1.194385,-0.897211,2.14878,1.24
office_0,47,0.066877,14,14,,1.194385,-0.897211,1.64878,1.26
office_0,48,0.062371,12,12,,1.194385,-0.897211,1.14878,1.23
office_0,49,0.068134,14,14,,1.194385,-0.897211,0.64878,1.24
office_0,50,0.062047,12,12,,1.194385,-0.897211,0.14878,1.25
office_0,51,0.061872,12,12,,1.194385,-0.897211,-0.35122,1.24
office_0,52,0.073003,16,16,,1.194385,-0.897211,-0.85122,1.25
office_0,53,0.073113,16,16,,1.194385,-0.897211,-1.35122,1.26
office_0,60,0.062695,12,12,,1.694385,-0.897211,-0.35122,1.27
office_0,61,0.086634,23,23,,1.694385,-0.897211,-0.85122,1.26
office_0,62,0.076357,18,18,,1.694385,-0.897211,-1.35122,1.26
hotel_0,10,0.090049,24,24,,-1.860435,-1.075138,-1.427541,1.14
hotel_0,16,0.079051,19,19,,-1.360435,-1.075138,-1.427541,1.16
hotel_0,17,0.093651,26,26,,-1.360435,-1.075138,-1.927541,1.16
hotel_0,23,0.065558,13,13,,-0.860435,-1.075138,-1.427541,1.15
hotel_0,30,0.063334,12,12,,-0.360435,-1.075138,-1.427541,1.17
hotel_0,34,0.055269,10,10,,0.139565,-1.075138,0.072459,1.12
hotel_0,35,0.052665,9,9,,0.139565,-1.075138,-0.427541,1.16
hotel_0,36,0.061201,12,12,,0.139565,-1.075138,-0.927541,1.18
hotel_0,37,0.065344,13,13,,0.139565,-1.075138,-1.427541,1.16
hotel_0,43,0.061954,12,12,,0.639565,-1.075138,-0.927541,1.17
hotel_0,44,0.066132,13,13,,0.639565,-1.075138,-1.427541,1.17
hotel_0,50,0.056278,10,10,,1.139565,-1.075138,-0.927541,1.17
hotel_0,51,0.072137,16,16,,1.139565,-1.075138,-1.427541,1.16
hotel_0,57,0.061691,12,12,,1.639565,-1.075138,-0.927541,1.19
hotel_0,58,0.078064,18,18,,1.639565,-1.075138,-1.427541,1.2
hotel_0,60,0.088832,24,24,,2.139565,-1.075138,1.072459,1.08
hotel_0,61,0.062029,12,12,,2.139565,-1.075138,0.572459,1.16
hotel_0,62,0.059586,11,11,,2.139565,-1.075138,0.072459,1.2
hotel_0,63,0.072771,16,16,,2.139565,-1.075138,-0.427541,1.19
hotel_0,64,0.075398,17,17,,2.139565,-1.075138,-0.927541,1.23
hotel_0,65,0.083856,21,21,,2.139565,-1.075138,-1.427541,1.19
hotel_0,67,0.114598,39,39,,2.639565,-1.075138,1.072459,1.33
hotel_0,68,0.101157,31,31,,2.639565,-1.075138,0.572459,1.13
hotel_0,69,0.109754,36,36,,2.639565,-1.075138,0.072459,1.12
hotel_0,70,0.077405,18,18,,2.639565,-1.075138,-0.927541,1.01
hotel_0,71,0.092748,26,26,,2.639565,-1.075138,-1.427541,1.16
hotel_0,73,0.105381,33,33,,3.139565,-1.075138,1.072459,1.3
hotel_0,74,0.098657,29,29,,3.139565,-1.075138,0.572459,1.14
hotel_0,75,0.096498,28,28,,3.139565,-1.075138,0.072459,1.1
hotel_0,76,0.085573,22,22,,3.139565,-1.075138,-0.927541,1.04
hotel_0,77,0.093083,26,26,,3.139565,-1.075138,-1.427541,1.14
hotel_0,79,0.096564,28,28,,3.639565,-1.075138,0.572459,1.24
hotel_0,80,0.104124,33,33,,3.639565,-1.075138,0.072459,1.12
hotel_0,81,0.08524,22,22,,3.639565,-1.075138,-0.927541,1.04
hotel_0,82,0.089424,24,24,,3.639565,-1.075138,-1.427541,1.13
hotel_0,85,0.091519,25,25,,4.139565,-1.075138,0.572459,1.22
hotel_0,86,0.098541,29,29,,4.139565,-1.075138,0.072459,1.11
hotel_0,87,0.090238,25,25,,4.139565,-1.075138,-0.427541,1.09
hotel_0,88,0.083007,21,21,,4.139565,-1.075138,-0.927541,1.1
hotel_0,89,0.086014,22,22,,4.139565,-1.075138,-1.427541,1.12
hotel_0,92,0.099609,30,30,,4.639565,-1.075138,0.072459,1.21
hotel_0,93,0.101792,31,31,,4.639565,-1.075138,-0.927541,1.07
hotel_0,94,0.087771,23,23,,4.639565,-1.075138,-1.427541,1.13
hotel_0,95,0.116929,41,40,max,4.639565,-1.075138,-1.927541,1.13
hotel_0,98,0.098838,29,29,,5.139565,-1.075138,0.072459,1.19
hotel_0,99,0.102771,32,32,,5.139565,-1.075138,-0.927541,1.05
hotel_0,100,0.096371,28,28,,5.139565,-1.075138,-1.427541,1.14
hotel_0,101,0.121362,44,40,max,5.139565,-1.075138,-1.927541,1.13
room_1,1,0.07897,19,19,,-4.829546,-1.441063,0.424726,1.37
room_1,2,0.0696,15,15,,-4.829546,-1.441063,-0.075274,1.42
room_1,5,0.08076,20,20,,-4.329546,-1.441063,0.424726,1.34
room_1,6,0.069972,15,15,,-4.329546,-1.441063,-0.075274,1.34
room_1,9,0.073986,17,17,,-3.829546,-1.441063,1.424726,1.35
room_1,10,0.069262,15,15,,-3.829546,-1.441063,0.924726,1.34
room_1,11,0.067504,14,14,,-3.829546,-1.441063,0.424726,1.35
room_1,12,0.072953,16,16,,-3.829546,-1.441063,-0.075274,1.37
room_1,13,0.083466,21,21,,-3.829546,-1.441063,-0.575274,1.44
room_1,15,0.071172,15,15,,-3.329546,-1.441063,1.924726,1.36
room_1,16,0.063343,12,12,,-3.329546,-1.441063,1.424726,1.35
room_1,17,0.063698,12,12,,-3.329546,-1.441063,0.924726,1.33
room_1,18,0.067179,14,14,,-3.329546,-1.441063,0.424726,1.33
room_1,19,0.061176,12,12,,-3.329546,-1.441063,-0.075274,1.33
room_1,22,0.068946,15,15,,-2.829546,-1.441063,1.924726,1.34
room_1,23,0.058176,10,10,,-2.829546,-1.441063,1.424726,1.33
room_1,24,0.05934,11,11,,-2.829546,-1.441063,0.924726,1.29
room_1,25,0.063413,12,12,,-2.829546,-1.441063,0.424726,1.29
room_1,26,0.06463,13,13,,-2.829546,-1.441063,-0.075274,1.29
room_1,30,0.055646,10,10,,-2.329546,-1.441063,1.424726,1.3
room_1,31,0.057926,10,10,,-2.329546,-1.441063,0.924726,1.3
room_1,37,0.059603,11,11,,-1.829546,-1.441063,1.424726,1.33
room_1,45,0.054345,9,9,,-1.329546,-1.441063,0.924726,1.3
room_1,51,0.058574,11,11,,-0.829546,-1.441063,0.924726,1.32
room_1,59,0.063532,12,12,,-0.329546,-1.441063,0.424726,1.32
room_1,62,0.065944,13,13,,-0.329546,-1.441063,-1.075274,1.31
room_1,63,0.076322,18,18,,-0.329546,-1.441063,-1.575274,1.32
room_1,65,0.065934,13,13,,0.170454,-1.441063,0.424726,1.36
room_1,66,0.065708,13,13,,0.170454,-1.441063,-0.075274,1.34
room_1,67,0.065135,13,13,,0.170454,-1.441063,-0.575274,1.34
room_1,68,0.069573,15,15,,0.170454,-1.441063,-1.075274,1.32
room_1,69,0.079837,19,19,,0.170454,-1.441063,-1.575274,1.33
room_1,71,0.072901,16,16,,0.670454,-1.441063,0.424726,1.41
room_1,72,0.073069,16,16,,0.670454,-1.441063,-0.075274,1.35
room_1,73,0.060292,11,11,,0.670454,-1.441063,-0.575274,1.34
office_2,25,0.060396,11,11,,-1.190913,-1.267472,-1.226223,1.32
office_2,26,0.062815,12,12,,-1.190913,-1.267472,-1.726223,1.34
office_2,27,0.058515,11,11,,-1.190913,-1.267472,-2.226223,1.35
office_2,28,0.06478,13,13,,-1.190913,-1.267472,-2.726223,1.39
office_2,29,0.081196,20,20,,-1.190913,-1.267472,-3.226223,1.41
office_2,37,0.055811,10,10,,-0.690913,-1.267472,-1.226223,1.37
office_2,38,0.06088,11,11,,-0.690913,-1.267472,-1.726223,1.35
office_2,39,0.063456,12,12,,-0.690913,-1.267472,-2.226223,1.34
office_2,41,0.066977,14,14,,-0.690913,-1.267472,-3.226223,1.37
office_2,42,0.066139,13,13,,-0.690913,-1.267472,-3.726223,1.4
office_2,43,0.067077,14,14,,-0.690913,-1.267472,-4.226223,1.44
office_2,51,0.055881,10,10,,-0.190913,-1.267472,-0.726223,1.37
office_2,52,0.057039,10,10,,-0.190913,-1.267472,-1.226223,1.34
office_2,53,0.061341,12,12,,-0.190913,-1.267472,-1.726223,1.34
office_2,57,0.061357,12,12,,-0.190913,-1.267472,-3.726223,1.34
office_2,65,0.054205,9,9,,0.309087,-1.267472,-0.726223,1.36
office_2,66,0.053893,9,9,,0.309087,-1.267472,-1.226223,1.32
office_2,71,0.066382,14,14,,0.309087,-1.267472,-3.726223,1.32
office_2,72,0.079217,19,19,,0.309087,-1.267472,-4.226223,1.38
office_2,73,0.066166,13,13,,0.309087,-1.267472,-4.726223,1.42
office_2,77,0.054006,9,9,,0.809087,-1.267472,-0.726223,1.38
office_2,78,0.052833,9,9,,0.809087,-1.267472,-1.226223,1.33
office_2,83,0.070179,15,15,,0.809087,-1.267472,-3.726223,1.32
office_2,84,0.070519,15,15,,0.809087,-1.267472,-4.226223,1.37
office_2,87,0.052469,9,9,,1.309087,-1.267472,-1.226223,1.4
office_2,88,0.057647,10,10,,1.309087,-1.267472,-1.726223,1.32
office_2,91,0.064598,13,13,,1.309087,-1.267472,-3.226223,1.21
office_2,92,0.073336,16,16,,1.309087,-1.267472,-3.726223,1.1
office_2,93,0.079611,19,19,,1.309087,-1.267472,-4.226223,1.41
office_2,95,0.058273,11,11,,1.809087,-1.267472,-1.726223,1.39
office_2,96,0.055079,9,9,,1.809087,-1.267472,-2.226223,1.15
office_2,97,0.055075,9,9,,1.809087,-1.267472,-2.726223,1.14
office_2,98,0.065256,13,13,,1.809087,-1.267472,-3.226223,1.34
office_2,99,0.070772,15,15,,1.809087,-1.267472,-3.726223,0.98
office_2,100,0.060582,11,11,,2.309087,-1.267472,-2.726223,1.11
office_2,101,0.069662,15,15,,2.309087,-1.267472,-3.226223,0.98
office_2,102,0.069069,15,15,,2.309087,-1.267472,-3.726223,0.76
room_2,5,0.076099,18,18,,0.318101,-2.486792,2.022748,1.45
room_2,6,0.072671,16,16,,0.318101,-2.486792,1.522748,1.46
room_2,9,0.088965,24,24,,0.318101,-2.486792,0.022748,1.43
room_2,13,0.072687,16,16,,0.818101,-2.486792,2.022748,1.44
room_2,14,0.067267,14,14,,0.818101,-2.486792,1.522748,1.42
room_2,15,0.065793,13,13,,0.818101,-2.486792,1.022748,1.43
room_2,16,0.076193,18,18,,0.818101,-2.486792,0.522748,1.42
room_2,17,0.069001,15,15,,0.818101,-2.486792,0.022748,1.43
room_2,18,0.074125,17,17,,0.818101,-2.486792,-0.477252,1.44
room_2,19,0.06953,15,15,,0.818101,-2.486792,-0.977252,1.42
room_2,21,0.058134,10,10,,1.318101,-2.486792,2.022748,1.42
room_2,22,0.060541,11,11,,1.318101,-2.486792,1.522748,1.41
room_2,23,0.06981,15,15,,1.318101,-2.486792,1.022748,1.44
room_2,25,0.066595,14,14,,1.318101,-2.486792,0.022748,1.41
room_2,26,0.06734,14,14,,1.318101,-2.486792,-0.477252,1.41
room_2,27,0.075511,17,17,,1.318101,-2.486792,-0.977252,1.44
room_2,29,0.059694,11,11,,1.818101,-2.486792,2.022748,1.44
room_2,33,0.064736,13,13,,1.818101,-2.486792,0.022748,1.42
room_2,34,0.065318,13,13,,1.818101,-2.486792,-0.477252,1.41
room_2,35,0.087661,23,23,,1.818101,-2.486792,-0.977252,1.43
room_2,37,0.063318,12,12,,2.318101,-2.486792,2.022748,1.41
room_2,42,0.08008,19,19,,2.318101,-2.486792,-0.477252,1.41
room_2,44,0.063081,12,12,,2.818101,-2.486792,2.522748,1.42
room_2,45,0.059039,11,11,,2.818101,-2.486792,2.022748,1.4
room_2,50,0.064672,13,13,,2.818101,-2.486792,-0.477252,1.4
room_2,51,0.064937,13,13,,3.318101,-2.486792,2.522748,1.41
room_2,52,0.060222,11,11,,3.318101,-2.486792,2.022748,1.37
room_2,56,0.061183,12,12,,3.318101,-2.486792,0.022748,1.37
room_2,57,0.062986,12,12,,3.318101,-2.486792,-0.477252,1.41
room_2,58,0.064165,13,13,,3.818101,-2.486792,2.522748,1.4
room_2,59,0.061764,12,12,,3.818101,-2.486792,2.022748,1.4
room_2,63,0.063216,12,12,,3.818101,-2.486792,0.022748,1.4
room_2,64,0.070813,15,15,,3.818101,-2.486792,-0.477252,1.39
room_2,66,0.059033,11,11,,4.318101,-2.486792,2.522748,1.43
room_2,67,0.064654,13,13,,4.318101,-2.486792,2.022748,1.4
room_2,70,0.067734,14,14,,4.318101,-2.486792,0.522748,1.38
room_2,71,0.065995,13,13,,4.318101,-2.486792,0.022748,1.41
room_2,72,0.071512,16,16,,4.318101,-2.486792,-0.477252,1.42
room_2,74,0.067626,14,14,,4.818101,-2.486792,2.522748,1.45
room_2,75,0.066968,14,14,,4.818101,-2.486792,2.022748,1.41
room_2,76,0.061149,12,12,,4.818101,-2.486792,1.522748,1.38
room_2,77,0.066144,13,13,,4.818101,-2.486792,1.022748,1.39
room_2,78,0.064807,13,13,,4.818101,-2.486792,0.522748,1.39
room_2,79,0.064418,13,13,,4.818101,-2.486792,0.022748,1.42
room_2,80,0.065435,13,13,,4.818101,-2.486792,-0.477252,1.43
room_2,84,0.066716,14,14,,5.318101,-2.486792,0.022748,1.46
room_2,85,0.069273,15,15,,5.318101,-2.486792,-0.477252,1.42
office_3,1,0.081169,20,20,,-4.539338,-1.249195,2.837139,1.6
office_3,2,0.07341,16,16,,-4.039338,-1.249195,3.337139,1.57
office_3,3,0.070958,15,15,,-4.039338,-1.249195,2.837139,1.55
office_3,4,0.074265,17,17,,-4.039338,-1.249195,2.337139,1.59
office_3,6,0.06608,13,13,,-3.539338,-1.249195,3.837139,1.52
office_3,7,0.068072,14,14,,-3.539338,-1.249195,3.337139,1.55
office_3,8,0.07172,16,16,,-3.539338,-1.249195,2.837139,1.54
office_3,9,0.063355,12,12,,-3.539338,-1.249195,2.337139,1.57
office_3,10,0.063762,13,13,,-3.539338,-1.249195,1.837139,1.56
office_3,11,0.072398,16,16,,-3.539338,-1.249195,1.337139,1.58
office_3,12,0.064512,13,13,,-3.039338,-1.249195,4.337139,1.47
office_3,13,0.067635,14,14,,-3.039338,-1.249195,3.837139,1.52
office_3,14,0.065421,13,13,,-3.039338,-1.249195,3.337139,1.54
office_3,17,0.061656,12,12,,-3.039338,-1.249195,1.837139,1.57
office_3,18,0.060301,11,11,,-3.039338,-1.249195,1.337139,1.55
office_3,19,0.065089,13,13,,-3.039338,-1.249195,0.837139,1.57
office_3,21,0.059497,11,11,,-2.539338,-1.249195,4.337139,1.47
office_3,22,0.068253,14,14,,-2.539338,-1.249195,3.837139,1.55
office_3,27,0.05466,9,9,,-2.539338,-1.249195,1.337139,1.63
office_3,28,0.055252,10,10,,-2.539338,-1.249195,0.837139,1.56
office_3,31,0.06234,12,12,,-2.039338,-1.249195,3.837139,1.47
office_3,36,0.054968,9,9,,-2.039338,-1.249195,1.337139,1.58
office_3,37,0.052076,9,9,,-2.039338,-1.249195,0.837139,1.52
office_3,38,0.053863,9,9,,-2.039338,-1.249195,0.337139,1.55
office_3,44,0.055485,10,10,,-1.539338,-1.249195,1.837139,1.49
office_3,45,0.049029,8,8,,-1.539338,-1.249195,1.337139,1.53
office_3,46,0.054416,9,9,,-1.539338,-1.249195,0.837139,1.5
office_3,53,0.058782,11,11,,-1.039338,-1.249195,2.337139,1.52
office_3,54,0.05384,9,9,,-1.039338,-1.249195,1.837139,1.49
office_3,56,0.054918,9,9,,-1.039338,-1.249195,0.837139,1.53
office_3,59,0.057411,10,10,,-1.039338,-1.249195,-0.662861,1.52
office_3,60,0.06146,12,12,,-1.039338,-1.249195,-1.162861,1.56
office_3,62,0.067265,14,14,,-0.539338,-1.249195,3.837139,1.49
office_3,64,0.057187,10,10,,-0.539338,-1.249195,2.837139,1.57
office_3,65,0.055892,10,10,,-0.539338,-1.249195,2.337139,1.58
office_3,69,0.057098,10,10,,-0.539338,-1.249195,0.337139,1.55
office_3,70,0.057981,10,10,,-0.539338,-1.249195,-0.162861,1.5
office_3,71,0.059858,11,11,,-0.539338,-1.249195,-0.662861,1.5
office_3,72,0.061171,12,12,,-0.539338,-1.249195,-1.162861,1.53
office_3,73,0.07237,16,16,,-0.539338,-1.249195,-1.662861,1.48
office_3,76,0.06612,13,13,,-0.039338,-1.249195,3.837139,1.55
office_3,77,0.063787,13,13,,-0.039338,-1.249195,3.337139,1.53
office_3,78,0.054207,9,9,,-0.039338,-1.249195,2.837139,1.53
office_3,85,0.056579,10,10,,-0.039338,-1.249195,-0.662861,1.55
office_3,86,0.062518,12,12,,-0.039338,-1.249195,-1.162861,1.56
office_3,87,0.066937,14,14,,-0.039338,-1.249195,-1.662861,1.55
office_3,88,0.080414,20,20,,-0.039338,-1.249195,-2.162861,1.61
office_3,89,0.082835,21,21,,-0.039338,-1.249195,-2.662861,1.65
office_3,90,0.061523,12,12,,0.460662,-1.249195,3.337139,1.58
office_3,91,0.059398,11,11,,0.460662,-1.249195,2.837139,1.56
office_3,99,0.06187,12,12,,0.460662,-1.249195,-1.162861,1.56
office_3,100,0.085103,22,22,,0.460662,-1.249195,-1.662861,1.57
office_3,109,0.061103,12,12,,0.960662,-1.249195,-0.662861,1.52
office_3,110,0.081404,20,20,,0.960662,-1.249195,-1.162861,1.53
office_3,116,0.059743,11,11,,1.460662,-1.249195,-0.162861,1.48
office_3,117,0.060853,11,11,,1.460662,-1.249195,-0.662861,1.5
office_3,122,0.065129,13,13,,1.960662,-1.249195,-0.162861,1.53
office_3,123,0.068926,15,15,,1.960662,-1.249195,-0.662861,1.53
office_3,126,0.064176,13,13,,2.460662,-1.249195,0.337139,1.54
office_3,127,0.072895,16,16,,2.460662,-1.249195,-0.162861,1.55
office_3,128,0.080549,20,20,,2.460662,-1.249195,-0.662861,1.56
office_3,129,0.07899,19,19,,2.960662,-1.249195,-0.162861,1.58
frl_apartment_2,0,0.134515,54,40,max,-3.358113,-1.514732,0.12533,1.0
frl_apartment_2,1,0.078048,18,18,,-3.358113,-1.514732,-0.37467,1.04
frl_apartment_2,3,0.095015,27,27,,-2.858113,-1.514732,0.12533,1.03
frl_apartment_2,4,0.08395,21,21,,-2.858113,-1.514732,-0.37467,1.04
frl_apartment_2,5,0.075587,17,17,,-2.858113,-1.514732,-0.87467,1.06
frl_apartment_2,10,0.090365,25,25,,-2.358113,-1.514732,0.12533,1.03
frl_apartment_2,11,0.071843,16,16,,-2.358113,-1.514732,-0.37467,1.05
frl_apartment_2,12,0.070357,15,15,,-2.358113,-1.514732,-0.87467,1.06
frl_apartment_2,18,0.068497,14,14,,-1.858113,-1.514732,0.12533,1.0
frl_apartment_2,19,0.074452,17,17,,-1.858113,-1.514732,-0.37467,1.04
frl_apartment_2,20,0.081264,20,20,,-1.858113,-1.514732,-0.87467,1.06
frl_apartment_2,27,0.06761,14,14,,-1.358113,-1.514732,-0.37467,0.99
frl_apartment_2,28,0.073577,16,16,,-1.358113,-1.514732,-0.87467,1.02
frl_apartment_2,34,0.067983,14,14,,-0.858113,-1.514732,0.12533,1.0
frl_apartment_2,35,0.061211,12,12,,-0.858113,-1.514732,-0.37467,1.02
frl_apartment_2,36,0.069452,15,15,,-0.858113,-1.514732,-0.87467,1.05
frl_apartment_2,43,0.058578,11,11,,-0.358113,-1.514732,0.12533,0.99
frl_apartment_2,44,0.057665,10,10,,-0.358113,-1.514732,-0.37467,1.04
frl_apartment_2,53,0.057849,10,10,,0.141887,-1.514732,0.12533,1.0
frl_apartment_2,54,0.059095,11,11,,0.141887,-1.514732,-0.37467,1.04
frl_apartment_2,56,0.050693,8,8,,0.141887,-1.514732,-3.37467,0.82
frl_apartment_2,57,0.048831,8,8,,0.141887,-1.514732,-3.87467,0.97
frl_apartment_2,58,0.054904,9,9,,0.141887,-1.514732,-4.37467,1.0
frl_apartment_2,59,0.06498,13,13,,0.141887,-1.514732,-4.87467,1.04
frl_apartment_2,62,0.056248,10,10,,0.641887,-1.514732,0.12533,1.24
frl_apartment_2,63,0.04987,8,8,,0.641887,-1.514732,-0.37467,1.07
frl_apartment_2,67,0.048921,8,8,,0.641887,-1.514732,-3.37467,0.85
frl_apartment_2,68,0.044846,6,6,,0.641887,-1.514732,-3.87467,1.0
frl_apartment_2,69,0.050719,8,8,,0.641887,-1.514732,-4.37467,1.0
frl_apartment_2,70,0.06089,11,11,,0.641887,-1.514732,-4.87467,1.02
frl_apartment_2,73,0.053515,9,9,,1.141887,-1.514732,0.12533,1.17
frl_apartment_2,74,0.045207,7,7,,1.141887,-1.514732,-0.37467,1.03
frl_apartment_2,75,0.043021,6,6,,1.141887,-1.514732,-0.87467,1.02
frl_apartment_2,76,0.048824,8,8,,1.141887,-1.514732,-1.37467,0.99
frl_apartment_2,77,0.05383,9,9,,1.141887,-1.514732,-1.87467,1.01
frl_apartment_2,78,0.054554,9,9,,1.141887,-1.514732,-2.37467,0.98
frl_apartment_2,79,0.04224,6,6,,1.141887,-1.514732,-2.87467,1.02
frl_apartment_2,80,0.041895,6,6,,1.141887,-1.514732,-3.37467,1.01
frl_apartment_2,81,0.042717,6,6,,1.141887,-1.514732,-3.87467,1.0
frl_apartment_2,82,0.04583,7,7,,1.141887,-1.514732,-4.37467,1.02
frl_apartment_2,83,0.061593,12,12,,1.141887,-1.514732,-4.87467,1.03
frl_apartment_2,86,0.055044,9,9,,1.641887,-1.514732,0.12533,1.03
frl_apartment_2,87,0.040605,5,6,min,1.641887,-1.514732,-0.37467,1.04
frl_apartment_2,88,0.045121,7,7,,1.641887,-1.514732,-0.87467,1.01
frl_apartment_2,89,0.042581,6,6,,1.641887,-1.514732,-1.37467,1.0
frl_apartment_2,90,0.048469,7,7,,1.641887,-1.514732,-1.87467,0.98
frl_apartment_2,91,0.044171,6,6,,1.641887,-1.514732,-2.37467,1.02
frl_apartment_2,92,0.039686,5,6,min,1.641887,-1.514732,-2.87467,1.02
frl_apartment_2,95,0.042929,6,6,,1.641887,-1.514732,-4.37467,1.0
frl_apartment_2,96,0.05185,8,8,,1.641887,-1.514732,-4.87467,1.01
frl_apartment_2,97,0.076749,18,18,,1.641887,-1.514732,-5.37467,1.04
frl_apartment_2,99,0.051924,8,8,,2.141887,-1.514732,0.12533,1.07
frl_apartment_2,100,0.040474,5,6,min,2.141887,-1.514732,-0.37467,1.01
frl_apartment_2,101,0.038997,5,6,min,2.141887,-1.514732,-0.87467,1.02
frl_apartment_2,105,0.037299,5,6,min,2.141887,-1.514732,-2.87467,0.96
frl_apartment_2,108,0.037171,5,6,min,2.141887,-1.514732,-4.37467,0.98
frl_apartment_2,112,0.053306,9,9,,2.641887,-1.514732,0.12533,1.13
frl_apartment_2,113,0.04207,6,6,,2.641887,-1.514732,-0.37467,1.02
frl_apartment_2,114,0.042317,6,6,,2.641887,-1.514732,-0.87467,1.02
frl_apartment_2,118,0.038891,5,6,min,2.641887,-1.514732,-2.87467,0.98
frl_apartment_2,119,0.040653,5,6,min,2.641887,-1.514732,-3.37467,1.01
frl_apartment_2,121,0.036405,4,6,min,2.641887,-1.514732,-4.37467,0.98
frl_apartment_2,125,0.055517,10,10,,3.141887,-1.514732,0.12533,1.12
frl_apartment_2,126,0.045087,7,7,,3.141887,-1.514732,-0.37467,1.01
frl_apartment_2,127,0.046477,7,7,,3.141887,-1.514732,-0.87467,0.95
frl_apartment_2,131,0.038481,5,6,min,3.141887,-1.514732,-2.87467,0.98
frl_apartment_2,132,0.037725,5,6,min,3.141887,-1.514732,-3.37467,1.0
frl_apartment_2,134,0.037682,5,6,min,3.141887,-1.514732,-4.37467,0.98
frl_apartment_2,138,0.054967,9,9,,3.641887,-1.514732,0.12533,1.13
frl_apartment_2,139,0.044604,6,6,,3.641887,-1.514732,-0.37467,1.01
frl_apartment_2,140,0.044107,6,6,,3.641887,-1.514732,-0.87467,1.0
frl_apartment_2,141,0.044826,6,6,,3.641887,-1.514732,-1.37467,1.0
frl_apartment_2,142,0.044051,6,6,,3.641887,-1.514732,-1.87467,0.99
frl_apartment_2,143,0.037577,5,6,min,3.641887,-1.514732,-2.37467,0.97
frl_apartment_2,144,0.034866,4,6,min,3.641887,-1.514732,-2.87467,1.02
frl_apartment_2,147,0.033125,4,6,min,3.641887,-1.514732,-4.37467,0.97
frl_apartment_2,150,0.053747,9,9,,4.141888,-1.514732,0.12533,1.04
frl_apartment_2,151,0.047332,7,7,,4.141888,-1.514732,-0.37467,1.0
frl_apartment_2,152,0.04917,8,8,,4.141888,-1.514732,-0.87467,1.01
frl_apartment_2,153,0.05191,8,8,,4.141888,-1.514732,-1.37467,1.01
frl_apartment_2,154,0.054106,9,9,,4.141888,-1.514732,-1.87467,0.99
frl_apartment_2,155,0.040041,5,6,min,4.141888,-1.514732,-2.37467,1.01
frl_apartment_2,156,0.037768,5,6,min,4.141888,-1.514732,-2.87467,1.01
frl_apartment_2,159,0.036386,4,6,min,4.141888,-1.514732,-4.37467,0.98
frl_apartment_2,162,0.049191,8,8,,4.641888,-1.514732,0.12533,1.08
frl_apartment_2,163,0.049904,8,8,,4.641888,-1.514732,-0.37467,1.04
frl_apartment_2,164,0.064863,13,13,,4.641888,-1.514732,-0.87467,1.05
frl_apartment_2,166,0.043345,6,6,,4.641888,-1.514732,-2.37467,0.98
frl_apartment_2,167,0.038439,5,6,min,4.641888,-1.514732,-2.87467,1.01
frl_apartment_2,168,0.036234,4,6,min,4.641888,-1.514732,-3.37467,1.01
frl_apartment_2,169,0.032842,4,6,min,4.641888,-1.514732,-3.87467,1.0
frl_apartment_2,170,0.036165,4,6,min,4.641888,-1.514732,-4.37467,0.98
frl_apartment_2,171,0.041784,6,6,,4.641888,-1.514732,-4.87467,0.97
frl_apartment_2,177,0.085209,22,22,,5.141888,-1.514732,-0.87467,1.05
frl_apartment_2,180,0.053259,9,9,,5.141888,-1.514732,-2.37467,0.98
frl_apartment_2,181,0.036978,5,6,min,5.141888,-1.514732,-2.87467,0.98
frl_apartment_2,182,0.034431,4,6,min,5.141888,-1.514732,-3.37467,0.95
frl_apartment_2,183,0.034242,4,6,min,5.141888,-1.514732,-3.87467,1.0
frl_apartment_2,184,0.038454,5,6,min,5.141888,-1.514732,-4.37467,1.0
frl_apartment_2,187,0.052573,9,9,,5.641888,-1.514732,-2.37467,1.05
frl_apartment_2,188,0.041634,6,6,,5.641888,-1.514732,-2.87467,0.97
frl_apartment_2,189,0.037454,5,6,min,5.641888,-1.514732,-3.37467,0.99
frl_apartment_2,190,0.037283,5,6,min,5.641888,-1.514732,-3.87467,1.0
frl_apartment_2,191,0.036553,4,6,min,5.641888,-1.514732,-4.37467,1.0
frl_apartment_2,194,0.058267,11,11,,6.141888,-1.514732,-2.37467,1.01
frl_apartment_2,198,0.045119,7,7,,6.141888,-1.514732,-4.37467,0.97
frl_apartment_2,202,0.055476,10,10,,6.641888,-1.514732,-2.37467,0.97
frl_apartment_2,203,0.044494,6,6,,6.641888,-1.514732,-2.87467,0.98
frl_apartment_2,207,0.04965,8,8,,6.641888,-1.514732,-4.87467,1.0
frl_apartment_2,210,0.05384,9,9,,7.141888,-1.514732,-2.37467,0.95
frl_apartment_2,211,0.044885,6,6,,7.141888,-1.514732,-2.87467,0.97
frl_apartment_2,215,0.060086,11,11,,7.141888,-1.514732,-4.87467,1.03
frl_apartment_2,217,0.053613,9,9,,7.641888,-1.514732,-2.37467,0.93
frl_apartment_2,218,0.048289,7,7,,7.641888,-1.514732,-2.87467,0.96
frl_apartment_2,221,0.052815,9,9,,7.641888,-1.514732,-4.37467,0.94
frl_apartment_2,222,0.067637,14,14,,7.641888,-1.514732,-4.87467,1.04
frl_apartment_2,224,0.070116,15,15,,8.141888,-1.514732,-1.87467,0.93
frl_apartment_2,225,0.055845,10,10,,8.141888,-1.514732,-2.37467,0.96
frl_apartment_2,226,0.048308,7,7,,8.141888,-1.514732,-2.87467,0.98
frl_apartment_2,227,0.047218,7,7,,8.141888,-1.514732,-3.37467,0.98
frl_apartment_2,228,0.047485,7,7,,8.141888,-1.514732,-3.87467,0.98
frl_apartment_2,229,0.054444,9,9,,8.141888,-1.514732,-4.37467,1.02
frl_apartment_2,230,0.059419,11,11,,8.141888,-1.514732,-4.87467,0.99
frl_apartment_2,233,0.057564,10,10,,8.641888,-1.514732,-2.37467,0.94
frl_apartment_2,237,0.056341,10,10,,8.641888,-1.514732,-4.37467,0.9
frl_apartment_4,3,0.090376,25,25,,-0.51575,-1.548102,0.948494,0.98
frl_apartment_4,4,0.076812,18,18,,-0.51575,-1.548102,0.448494,1.11
frl_apartment_4,5,0.070911,15,15,,-0.51575,-1.548102,-0.051506,1.05
frl_apartment_4,9,0.095121,27,27,,-0.51575,-1.548102,-2.551506,1.22
frl_apartment_4,10,0.09901,29,29,,-0.51575,-1.548102,-3.051506,1.12
frl_apartment_4,14,0.071038,15,15,,-0.01575,-1.548102,2.948494,0.75
frl_apartment_4,15,0.063348,12,12,,-0.01575,-1.548102,2.448494,0.99
frl_apartment_4,16,0.067151,14,14,,-0.01575,-1.548102,1.948494,1.06
frl_apartment_4,17,0.063471,12,12,,-0.01575,-1.548102,1.448494,1.07
frl_apartment_4,18,0.057834,10,10,,-0.01575,-1.548102,0.948494,1.09
frl_apartment_4,19,0.059687,11,11,,-0.01575,-1.548102,0.448494,1.08
frl_apartment_4,20,0.063084,12,12,,-0.01575,-1.548102,-0.051506,1.1
frl_apartment_4,21,0.06675,14,14,,-0.01575,-1.548102,-0.551506,1.1
frl_apartment_4,22,0.077051,18,18,,-0.01575,-1.548102,-1.051506,1.12
frl_apartment_4,23,0.079694,19,19,,-0.01575,-1.548102,-1.551506,1.11
frl_apartment_4,24,0.079899,19,19,,-0.01575,-1.548102,-2.051506,1.12
frl_apartment_4,25,0.095446,27,27,,-0.01575,-1.548102,-2.551506,1.11
frl_apartment_4,26,0.088955,24,24,,-0.01575,-1.548102,-3.051506,1.09
frl_apartment_4,28,0.059134,11,11,,0.48425,-1.548102,4.448494,0.73
frl_apartment_4,29,0.057129,10,10,,0.48425,-1.548102,3.948494,1.01
frl_apartment_4,30,0.058711,11,11,,0.48425,-1.548102,3.448494,1.02
frl_apartment_4,31,0.0553,10,10,,0.48425,-1.548102,2.948494,1.05
frl_apartment_4,32,0.050786,8,8,,0.48425,-1.548102,2.448494,1.02
frl_apartment_4,33,0.050416,8,8,,0.48425,-1.548102,1.948494,1.04
frl_apartment_4,34,0.051079,8,8,,0.48425,-1.548102,1.448494,1.08
frl_apartment_4,35,0.054453,9,9,,0.48425,-1.548102,0.948494,1.09
frl_apartment_4,36,0.054208,9,9,,0.48425,-1.548102,0.448494,1.03
frl_apartment_4,37,0.060369,11,11,,0.48425,-1.548102,-0.051506,1.11
frl_apartment_4,38,0.061534,12,12,,0.48425,-1.548102,-0.551506,1.11
frl_apartment_4,39,0.068675,14,14,,0.48425,-1.548102,-1.051506,1.13
frl_apartment_4,40,0.068172,14,14,,0.48425,-1.548102,-1.551506,1.17
frl_apartment_4,41,0.083728,21,21,,0.48425,-1.548102,-2.051506,1.18
frl_apartment_4,42,0.08001,19,19,,0.48425,-1.548102,-2.551506,1.07
frl_apartment_4,43,0.095943,28,28,,0.48425,-1.548102,-3.051506,1.12
frl_apartment_4,45,0.053317,9,9,,0.98425,-1.548102,4.448494,0.75
frl_apartment_4,46,0.049316,8,8,,0.98425,-1.548102,3.948494,1.01
frl_apartment_4,47,0.051566,8,8,,0.98425,-1.548102,3.448494,0.95
frl_apartment_4,48,0.046948,7,7,,0.98425,-1.548102,2.948494,1.03
frl_apartment_4,49,0.045308,7,7,,0.98425,-1.548102,2.448494,0.95
frl_apartment_4,50,0.047033,7,7,,0.98425,-1.548102,1.948494,1.06
frl_apartment_4,51,0.04864,7,7,,0.98425,-1.548102,1.448494,1.05
frl_apartment_4,52,0.057871,10,10,,0.98425,-1.548102,0.948494,1.08
frl_apartment_4,57,0.080465,20,20,,1.48425,-1.548102,4.948494,1.1
frl_apartment_4,58,0.063643,12,12,,1.48425,-1.548102,4.448494,1.01
frl_apartment_4,59,0.049516,8,8,,1.48425,-1.548102,3.948494,0.9
frl_apartment_4,63,0.040524,5,6,min,1.48425,-1.548102,1.948494,0.94
frl_apartment_4,64,0.048382,7,7,,1.48425,-1.548102,1.448494,1.04
frl_apartment_4,68,0.03959,5,6,min,1.98425,-1.548102,3.948494,1.08
frl_apartment_4,72,0.041635,6,6,,1.98425,-1.548102,1.948494,0.99
frl_apartment_4,73,0.045909,7,7,,1.98425,-1.548102,1.448494,1.03
frl_apartment_4,78,0.052253,9,9,,2.48425,-1.548102,4.448494,1.09
frl_apartment_4,79,0.039239,5,6,min,2.48425,-1.548102,3.948494,1.02
frl_apartment_4,80,0.038192,5,6,min,2.48425,-1.548102,3.448494,1.05
frl_apartment_4,81,0.041308,6,6,,2.48425,-1.548102,2.948494,1.03
frl_apartment_4,82,0.040138,5,6,min,2.48425,-1.548102,2.448494,1.04
frl_apartment_4,83,0.037621,5,6,min,2.48425,-1.548102,1.948494,1.04
frl_apartment_4,84,0.036032,4,6,min,2.48425,-1.548102,1.448494,1.04
frl_apartment_4,87,0.06177,12,12,,2.98425,-1.548102,7.948494,1.08
frl_apartment_4,94,0.043818,6,6,,2.98425,-1.548102,4.448494,0.99
frl_apartment_4,95,0.039651,5,6,min,2.98425,-1.548102,3.948494,1.05
frl_apartment_4,96,0.036291,4,6,min,2.98425,-1.548102,3.448494,1.04
frl_apartment_4,97,0.03453,4,6,min,2.98425,-1.548102,2.948494,1.04
frl_apartment_4,98,0.034777,4,6,min,2.98425,-1.548102,2.448494,1.01
frl_apartment_4,99,0.035681,4,6,min,2.98425,-1.548102,1.948494,1.03
frl_apartment_4,100,0.03547,4,6,min,2.98425,-1.548102,1.448494,1.0
frl_apartment_4,101,0.045016,6,6,,2.98425,-1.548102,0.948494,1.03
frl_apartment_4,102,0.055888,10,10,,2.98425,-1.548102,0.448494,1.01
frl_apartment_4,105,0.06342,12,12,,3.48425,-1.548102,8.448494,1.07
frl_apartment_4,106,0.053778,9,9,,3.48425,-1.548102,7.948494,0.99
frl_apartment_4,111,0.042387,6,6,,3.48425,-1.548102,5.448494,0.95
frl_apartment_4,112,0.037742,5,6,min,3.48425,-1.548102,4.948494,1.01
frl_apartment_4,113,0.036417,4,6,min,3.48425,-1.548102,4.448494,1.03
frl_apartment_4,114,0.032279,4,6,min,3.48425,-1.548102,3.948494,1.02
frl_apartment_4,118,0.033285,4,6,min,3.48425,-1.548102,1.948494,1.0
frl_apartment_4,119,0.036226,4,6,min,3.48425,-1.548102,1.448494,1.02
frl_apartment_4,120,0.043385,6,6,,3.48425,-1.548102,0.948494,1.01
frl_apartment_4,121,0.044988,6,6,,3.48425,-1.548102,0.448494,0.99
frl_apartment_4,122,0.051319,8,8,,3.48425,-1.548102,-0.051506,1.0
frl_apartment_4,129,0.04823,7,7,,3.98425,-1.548102,7.948494,1.09
frl_apartment_4,130,0.045607,7,7,,3.98425,-1.548102,7.448494,0.99
frl_apartment_4,134,0.041592,6,6,,3.98425,-1.548102,5.448494,0.93
frl_apartment_4,135,0.040027,5,6,min,3.98425,-1.548102,4.948494,1.0
frl_apartment_4,136,0.035376,4,6,min,3.98425,-1.548102,4.448494,1.01
frl_apartment_4,142,0.036457,4,6,min,3.98425,-1.548102,1.448494,0.99
frl_apartment_4,143,0.041246,6,6,,3.98425,-1.548102,0.948494,0.99
frl_apartment_4,144,0.048793,8,8,,3.98425,-1.548102,0.448494,1.01
frl_apartment_4,145,0.0485,7,7,,3.98425,-1.548102,-0.051506,0.99
frl_apartment_4,153,0.047419,7,7,,4.48425,-1.548102,7.948494,1.01
frl_apartment_4,154,0.038928,5,6,min,4.48425,-1.548102,7.448494,0.98
frl_apartment_4,158,0.044831,6,6,,4.48425,-1.548102,5.448494,0.94
frl_apartment_4,159,0.039495,5,6,min,4.48425,-1.548102,4.948494,1.02
frl_apartment_4,160,0.033942,4,6,min,4.48425,-1.548102,4.448494,1.01
frl_apartment_4,161,0.033429,4,6,min,4.48425,-1.548102,3.948494,0.95
frl_apartment_4,162,0.03264,4,6,min,4.48425,-1.548102,3.448494,1.0
frl_apartment_4,163,0.031045,3,6,min,4.48425,-1.548102,2.948494,1.0
frl_apartment_4,164,0.033759,4,6,min,4.48425,-1.548102,2.448494,1.02
frl_apartment_4,165,0.037435,5,6,min,4.48425,-1.548102,1.948494,1.02
frl_apartment_4,166,0.040723,5,6,min,4.48425,-1.548102,1.448494,1.01
frl_apartment_4,167,0.044078,6,6,,4.48425,-1.548102,0.948494,1.03
frl_apartment_4,168,0.047702,7,7,,4.48425,-1.548102,0.448494,1.0
frl_apartment_4,169,0.055409,10,10,,4.48425,-1.548102,-0.051506,1.0
frl_apartment_4,176,0.043543,6,6,,4.98425,-1.548102,7.948494,1.1
frl_apartment_4,177,0.041692,6,6,,4.98425,-1.548102,7.448494,1.01
frl_apartment_4,178,0.041611,6,6,,4.98425,-1.548102,6.948494,1.02
frl_apartment_4,179,0.043216,6,6,,4.98425,-1.548102,6.448494,0.98
frl_apartment_4,180,0.042523,6,6,,4.98425,-1.548102,5.948494,1.03
frl_apartment_4,181,0.050729,8,8,,4.98425,-1.548102,5.448494,1.01
frl_apartment_4,182,0.042221,6,6,,4.98425,-1.548102,4.948494,1.0
frl_apartment_4,183,0.042093,6,6,,4.98425,-1.548102,4.448494,1.01
frl_apartment_4,184,0.037389,5,6,min,4.98425,-1.548102,3.948494,0.99
frl_apartment_4,186,0.035663,4,6,min,4.98425,-1.548102,2.948494,1.02
frl_apartment_4,187,0.039911,5,6,min,4.98425,-1.548102,2.448494,1.02
frl_apartment_4,190,0.06074,11,11,,4.98425,-1.548102,0.948494,1.08
frl_apartment_4,191,0.053755,9,9,,4.98425,-1.548102,0.448494,1.03
frl_apartment_4,198,0.050826,8,8,,5.48425,-1.548102,7.948494,1.07
frl_apartment_4,199,0.051226,8,8,,5.48425,-1.548102,7.448494,1.01
frl_apartment_4,200,0.049897,8,8,,5.48425,-1.548102,6.948494,1.0
frl_apartment_4,201,0.05149,8,8,,5.48425,-1.548102,6.448494,1.0
frl_apartment_4,202,0.05773,10,10,,5.48425,-1.548102,5.948494,1.02
frl_apartment_4,203,0.063113,12,12,,5.48425,-1.548102,5.448494,1.03
frl_apartment_4,204,0.05679,10,10,,5.48425,-1.548102,4.948494,0.99
frl_apartment_4,205,0.045163,7,7,,5.48425,-1.548102,4.448494,0.99
frl_apartment_4,208,0.040842,5,6,min,5.48425,-1.548102,2.948494,1.01
frl_apartment_4,209,0.03929,5,6,min,5.48425,-1.548102,2.448494,1.03
frl_apartment_4,223,0.062144,12,12,,5.98425,-1.548102,7.448494,1.09
frl_apartment_4,224,0.06222,12,12,,5.98425,-1.548102,6.948494,1.0
frl_apartment_4,228,0.063841,13,13,,5.98425,-1.548102,4.448494,0.96
frl_apartment_0,12,0.069845,15,15,,-0.418586,-1.642777,0.112875,0.97
frl_apartment_0,18,0.063319,12,12,,0.081414,-1.642777,5.112875,0.83
frl_apartment_0,19,0.047529,7,7,,0.081414,-1.642777,4.612875,0.93
frl_apartment_0,20,0.055335,10,10,,0.081414,-1.642777,4.112875,1.02
frl_apartment_0,21,0.066258,13,13,,0.081414,-1.642777,3.612875,1.01
frl_apartment_0,22,0.057234,10,10,,0.081414,-1.642777,3.112875,1.01
frl_apartment_0,23,0.049567,8,8,,0.081414,-1.642777,2.612875,1.0
frl_apartment_0,24,0.065175,13,13,,0.081414,-1.642777,2.112875,1.02
frl_apartment_0,25,0.056632,10,10,,0.081414,-1.642777,1.612875,1.07
frl_apartment_0,26,0.062458,12,12,,0.081414,-1.642777,1.112875,1.07
frl_apartment_0,27,0.059087,11,11,,0.081414,-1.642777,0.612875,1.08
frl_apartment_0,28,0.058656,11,11,,0.081414,-1.642777,0.112875,1.08
frl_apartment_0,29,0.06297,12,12,,0.081414,-1.642777,-0.387125,1.09
frl_apartment_0,30,0.077075,18,18,,0.081414,-1.642777,-0.887125,1.08
frl_apartment_0,31,0.07422,17,17,,0.081414,-1.642777,-1.387125,1.1
frl_apartment_0,32,0.070586,15,15,,0.081414,-1.642777,-1.887125,1.09
frl_apartment_0,33,0.086447,23,23,,0.081414,-1.642777,-2.387125,1.1
frl_apartment_0,34,0.091073,25,25,,0.081414,-1.642777,-2.887125,1.08
frl_apartment_0,36,0.065958,13,13,,0.581414,-1.642777,5.112875,0.7
frl_apartment_0,37,0.04761,7,7,,0.581414,-1.642777,4.612875,0.93
frl_apartment_0,38,0.047561,7,7,,0.581414,-1.642777,4.112875,1.03
frl_apartment_0,39,0.043665,6,6,,0.581414,-1.642777,3.612875,1.02
frl_apartment_0,40,0.046436,7,7,,0.581414,-1.642777,3.112875,1.0
frl_apartment_0,41,0.03809,5,6,min,0.581414,-1.642777,2.612875,1.01
frl_apartment_0,42,0.044322,6,6,,0.581414,-1.642777,2.112875,0.94
frl_apartment_0,43,0.048502,7,7,,0.581414,-1.642777,1.612875,1.03
frl_apartment_0,44,0.052002,8,8,,0.581414,-1.642777,1.112875,1.06
frl_apartment_0,45,0.053223,9,9,,0.581414,-1.642777,0.612875,1.08
frl_apartment_0,46,0.054562,9,9,,0.581414,-1.642777,0.112875,1.08
frl_apartment_0,47,0.061838,12,12,,0.581414,-1.642777,-0.387125,1.07
frl_apartment_0,48,0.064841,13,13,,0.581414,-1.642777,-0.887125,1.08
frl_apartment_0,49,0.065608,13,13,,0.581414,-1.642777,-1.387125,1.1
frl_apartment_0,50,0.066259,13,13,,0.581414,-1.642777,-1.887125,1.08
frl_apartment_0,51,0.082042,20,20,,0.581414,-1.642777,-2.387125,1.07
frl_apartment_0,52,0.090915,25,25,,0.581414,-1.642777,-2.887125,1.06
frl_apartment_0,53,0.062213,12,12,,1.081414,-1.642777,5.112875,0.7
frl_apartment_0,54,0.053028,9,9,,1.081414,-1.642777,4.612875,0.95
frl_apartment_0,55,0.045659,7,7,,1.081414,-1.642777,4.112875,1.01
frl_apartment_0,56,0.041865,6,6,,1.081414,-1.642777,3.612875,0.95
frl_apartment_0,57,0.041237,6,6,,1.081414,-1.642777,3.112875,1.02
frl_apartment_0,58,0.04265,6,6,,1.081414,-1.642777,2.612875,1.01
frl_apartment_0,59,0.042704,6,6,,1.081414,-1.642777,2.112875,1.01
frl_apartment_0,60,0.044372,6,6,,1.081414,-1.642777,1.612875,1.02
frl_apartment_0,66,0.05659,10,10,,1.581414,-1.642777,5.112875,1.0
frl_apartment_0,67,0.044506,6,6,,1.581414,-1.642777,4.612875,0.98
frl_apartment_0,68,0.047781,7,7,,1.581414,-1.642777,4.112875,0.99
frl_apartment_0,69,0.041367,6,6,,1.581414,-1.642777,3.612875,1.0
frl_apartment_0,70,0.041783,6,6,,1.581414,-1.642777,3.112875,0.91
frl_apartment_0,71,0.036336,4,6,min,1.581414,-1.642777,2.612875,1.0
frl_apartment_0,72,0.037898,5,6,min,1.581414,-1.642777,2.112875,0.98
frl_apartment_0,73,0.046472,7,7,,1.581414,-1.642777,1.612875,0.96
frl_apartment_0,75,0.057466,10,10,,2.081414,-1.642777,5.112875,1.08
frl_apartment_0,76,0.044658,6,6,,2.081414,-1.642777,4.612875,1.0
frl_apartment_0,77,0.050873,8,8,,2.081414,-1.642777,4.112875,0.96
frl_apartment_0,80,0.035325,4,6,min,2.081414,-1.642777,2.612875,0.94
frl_apartment_0,81,0.033687,4,6,min,2.081414,-1.642777,2.112875,1.0
frl_apartment_0,82,0.040664,5,6,min,2.081414,-1.642777,1.612875,0.96
frl_apartment_0,86,0.056736,10,10,,2.581414,-1.642777,8.112875,1.0
frl_apartment_0,87,0.060518,11,11,,2.581414,-1.642777,7.612875,1.03
frl_apartment_0,88,0.07328,16,16,,2.581414,-1.642777,7.112875,1.02
frl_apartment_0,89,0.100157,30,30,,2.581414,-1.642777,6.612875,1.02
frl_apartment_0,91,0.048434,7,7,,2.581414,-1.642777,5.112875,0.93
frl_apartment_0,92,0.040498,5,6,min,2.581414,-1.642777,4.612875,0.93
frl_apartment_0,97,0.036575,4,6,min,2.581414,-1.642777,2.112875,0.94
frl_apartment_0,98,0.039295,5,6,min,2.581414,-1.642777,1.612875,0.96
frl_apartment_0,101,0.054315,9,9,,3.081414,-1.642777,8.112875,1.07
frl_apartment_0,102,0.051112,8,8,,3.081414,-1.642777,7.612875,1.01
frl_apartment_0,105,0.05613,10,10,,3.081414,-1.642777,6.112875,1.03
frl_apartment_0,106,0.055185,9,9,,3.081414,-1.642777,5.612875,0.98
frl_apartment_0,107,0.042276,6,6,,3.081414,-1.642777,5.112875,0.97
frl_apartment_0,108,0.038035,5,6,min,3.081414,-1.642777,4.612875,0.94
frl_apartment_0,109,0.049305,8,8,,3.081414,-1.642777,4.112875,0.97
frl_apartment_0,112,0.032672,4,6,min,3.081414,-1.642777,2.612875,0.96
frl_apartment_0,113,0.032276,4,6,min,3.081414,-1.642777,2.112875,0.96
frl_apartment_0,114,0.035343,4,6,min,3.081414,-1.642777,1.612875,0.94
frl_apartment_0,115,0.040577,5,6,min,3.081414,-1.642777,1.112875,0.95
frl_apartment_0,116,0.047687,7,7,,3.081414,-1.642777,0.612875,0.96
frl_apartment_0,119,0.051762,8,8,,3.581414,-1.642777,8.112875,1.07
frl_apartment_0,120,0.04515,7,7,,3.581414,-1.642777,7.612875,1.03
frl_apartment_0,123,0.042404,6,6,,3.581414,-1.642777,6.112875,0.99
frl_apartment_0,124,0.040193,5,6,min,3.581414,-1.642777,5.612875,0.99
frl_apartment_0,125,0.037811,5,6,min,3.581414,-1.642777,5.112875,1.0
frl_apartment_0,126,0.034319,4,6,min,3.581414,-1.642777,4.612875,1.03
frl_apartment_0,127,0.034959,4,6,min,3.581414,-1.642777,4.112875,0.96
frl_apartment_0,129,0.032684,4,6,min,3.581414,-1.642777,3.112875,0.94
frl_apartment_0,130,0.032842,4,6,min,3.581414,-1.642777,2.612875,0.98
frl_apartment_0,131,0.031955,4,6,min,3.581414,-1.642777,2.112875,0.95
frl_apartment_0,132,0.032125,4,6,min,3.581414,-1.642777,1.612875,0.95
frl_apartment_0,133,0.038346,5,6,min,3.581414,-1.642777,1.112875,0.97
frl_apartment_0,134,0.051921,8,8,,3.581414,-1.642777,0.612875,0.96
frl_apartment_0,135,0.046685,7,7,,3.581414,-1.642777,0.112875,0.97
frl_apartment_0,142,0.052292,9,9,,4.081413,-1.642777,8.112875,1.03
frl_apartment_0,147,0.037779,5,6,min,4.081413,-1.642777,5.612875,0.95
frl_apartment_0,148,0.037625,5,6,min,4.081413,-1.642777,5.112875,1.01
frl_apartment_0,149,0.034982,4,6,min,4.081413,-1.642777,4.612875,1.0
frl_apartment_0,150,0.033691,4,6,min,4.081413,-1.642777,4.112875,0.99
frl_apartment_0,151,0.032465,4,6,min,4.081413,-1.642777,3.612875,0.98
frl_apartment_0,152,0.032418,4,6,min,4.081413,-1.642777,3.112875,0.89
frl_apartment_0,153,0.034374,4,6,min,4.081413,-1.642777,2.612875,0.9
frl_apartment_0,154,0.033302,4,6,min,4.081413,-1.642777,2.112875,0.96
frl_apartment_0,155,0.035199,4,6,min,4.081413,-1.642777,1.612875,0.95
frl_apartment_0,156,0.042266,6,6,,4.081413,-1.642777,1.112875,0.96
frl_apartment_0,157,0.043259,6,6,,4.081413,-1.642777,0.612875,0.96
frl_apartment_0,158,0.049357,8,8,,4.081413,-1.642777,0.112875,0.98
frl_apartment_0,166,0.049431,8,8,,4.581413,-1.642777,8.112875,1.11
frl_apartment_0,167,0.045549,7,7,,4.581413,-1.642777,7.612875,0.99
frl_apartment_0,168,0.039221,5,6,min,4.581413,-1.642777,7.112875,0.98
frl_apartment_0,169,0.041324,6,6,,4.581413,-1.642777,6.612875,0.99
frl_apartment_0,170,0.045543,7,7,,4.581413,-1.642777,6.112875,1.0
frl_apartment_0,171,0.041752,6,6,,4.581413,-1.642777,5.612875,1.02
frl_apartment_0,172,0.042597,6,6,,4.581413,-1.642777,5.112875,1.03
frl_apartment_0,173,0.038533,5,6,min,4.581413,-1.642777,4.612875,0.98
frl_apartment_0,174,0.03375,4,6,min,4.581413,-1.642777,4.112875,1.02
frl_apartment_0,175,0.032127,4,6,min,4.581413,-1.642777,3.612875,0.93
frl_apartment_0,176,0.033916,4,6,min,4.581413,-1.642777,3.112875,0.98
frl_apartment_0,177,0.035562,4,6,min,4.581413,-1.642777,2.612875,0.98
frl_apartment_0,178,0.036382,4,6,min,4.581413,-1.642777,2.112875,0.98
frl_apartment_0,179,0.040242,5,6,min,4.581413,-1.642777,1.612875,0.97
frl_apartment_0,180,0.042754,6,6,,4.581413,-1.642777,1.112875,0.95
frl_apartment_0,181,0.0455,7,7,,4.581413,-1.642777,0.612875,0.98
frl_apartment_0,182,0.054725,9,9,,4.581413,-1.642777,0.112875,0.9
frl_apartment_0,189,0.066053,13,13,,5.081413,-1.642777,8.112875,1.07
frl_apartment_0,195,0.059195,11,11,,5.081413,-1.642777,5.112875,0.96
frl_apartment_0,198,0.038748,5,6,min,5.081413,-1.642777,3.612875,0.94
frl_apartment_0,201,0.047484,7,7,,5.081413,-1.642777,2.112875,0.95
frl_apartment_0,202,0.046232,7,7,,5.081413,-1.642777,1.612875,0.96
frl_apartment_0,203,0.046147,7,7,,5.081413,-1.642777,1.112875,0.96
frl_apartment_0,204,0.048989,8,8,,5.081413,-1.642777,0.612875,0.97
frl_apartment_0,211,0.080703,20,20,,5.581413,-1.642777,8.112875,1.12
frl_apartment_0,224,0.055412,10,10,,5.581413,-1.642777,1.612875,0.84
frl_apartment_1,2,0.083129,21,21,,-2.971822,-1.527613,-0.146569,1.0
frl_apartment_1,3,0.089104,24,24,,-2.971822,-1.527613,-0.646569,1.04
frl_apartment_1,7,0.07921,19,19,,-2.471822,-1.527613,-0.146569,1.03
frl_apartment_1,8,0.07696,18,18,,-2.471822,-1.527613,-0.646569,1.05
frl_apartment_1,14,0.068331,14,14,,-1.971822,-1.527613,-0.146569,1.01
frl_apartment_1,15,0.078639,19,19,,-1.971822,-1.527613,-0.646569,1.04
frl_apartment_1,21,0.091247,25,25,,-1.471822,-1.527613,0.353431,1.0
frl_apartment_1,22,0.070924,15,15,,-1.471822,-1.527613,-0.146569,0.96
frl_apartment_1,23,0.068777,14,14,,-1.471822,-1.527613,-0.646569,1.02
frl_apartment_1,30,0.060173,11,11,,-0.971822,-1.527613,-0.146569,0.99
frl_apartment_1,31,0.062597,12,12,,-0.971822,-1.527613,-0.646569,1.02
frl_apartment_1,32,0.080467,20,20,,-0.971822,-1.527613,-1.146569,1.03
frl_apartment_1,39,0.069011,15,15,,-0.471822,-1.527613,0.353431,0.97
frl_apartment_1,40,0.062609,12,12,,-0.471822,-1.527613,-0.146569,1.03
frl_apartment_1,41,0.051493,8,8,,-0.471822,-1.527613,-0.646569,1.02
frl_apartment_1,49,0.064174,13,13,,0.028178,-1.527613,0.353431,0.98
frl_apartment_1,50,0.051049,8,8,,0.028178,-1.527613,-0.146569,1.0
frl_apartment_1,51,0.046597,7,7,,0.028178,-1.527613,-0.646569,1.03
frl_apartment_1,54,0.044855,6,6,,0.028178,-1.527613,-3.646569,0.79
frl_apartment_1,55,0.047853,7,7,,0.028178,-1.527613,-4.146568,0.98
frl_apartment_1,56,0.062884,12,12,,0.028178,-1.527613,-4.646568,1.01
frl_apartment_1,60,0.047983,7,7,,0.528178,-1.527613,-0.146569,1.23
frl_apartment_1,61,0.04604,7,7,,0.528178,-1.527613,-0.646569,1.05
frl_apartment_1,65,0.051491,8,8,,0.528178,-1.527613,-3.146569,0.85
frl_apartment_1,66,0.036678,4,6,min,0.528178,-1.527613,-3.646569,0.98
frl_apartment_1,67,0.04648,7,7,,0.528178,-1.527613,-4.146568,0.99
frl_apartment_1,68,0.041694,6,6,,0.528178,-1.527613,-4.646568,1.03
frl_apartment_1,73,0.051272,8,8,,1.028178,-1.527613,-0.146569,1.18
frl_apartment_1,74,0.043178,6,6,,1.028178,-1.527613,-0.646569,0.94
frl_apartment_1,75,0.043478,6,6,,1.028178,-1.527613,-1.146569,0.91
frl_apartment_1,76,0.04421,6,6,,1.028178,-1.527613,-1.646569,0.9
frl_apartment_1,77,0.045366,7,7,,1.028178,-1.527613,-2.146569,0.92
frl_apartment_1,78,0.046249,7,7,,1.028178,-1.527613,-2.646569,0.94
frl_apartment_1,79,0.035873,4,6,min,1.028178,-1.527613,-3.146569,0.95
frl_apartment_1,80,0.034452,4,6,min,1.028178,-1.527613,-3.646569,0.92
frl_apartment_1,81,0.040498,5,6,min,1.028178,-1.527613,-4.146568,0.92
frl_apartment_1,82,0.044558,6,6,,1.028178,-1.527613,-4.646568,0.97
frl_apartment_1,83,0.060381,11,11,,1.028178,-1.527613,-5.146568,0.99
frl_apartment_1,87,0.049508,8,8,,1.528178,-1.527613,-0.146569,0.99
frl_apartment_1,88,0.040879,5,6,min,1.528178,-1.527613,-0.646569,0.93
frl_apartment_1,89,0.043648,6,6,,1.528178,-1.527613,-1.146569,0.96
frl_apartment_1,90,0.040125,5,6,min,1.528178,-1.527613,-1.646569,0.96
frl_apartment_1,91,0.041618,6,6,,1.528178,-1.527613,-2.146569,0.95
frl_apartment_1,92,0.042023,6,6,,1.528178,-1.527613,-2.646569,0.98
frl_apartment_1,93,0.0339,4,6,min,1.528178,-1.527613,-3.146569,0.99
frl_apartment_1,94,0.030193,3,6,min,1.528178,-1.527613,-3.646569,0.99
frl_apartment_1,95,0.038736,5,6,min,1.528178,-1.527613,-4.146568,1.0
frl_apartment_1,96,0.040814,5,6,min,1.528178,-1.527613,-4.646568,1.0
frl_apartment_1,97,0.055494,10,10,,1.528178,-1.527613,-5.146568,1.04
frl_apartment_1,100,0.049439,8,8,,2.028178,-1.527613,-0.146569,1.09
frl_apartment_1,101,0.043081,6,6,,2.028178,-1.527613,-0.646569,0.98
frl_apartment_1,102,0.042021,6,6,,2.028178,-1.527613,-1.146569,0.98
frl_apartment_1,103,0.043782,6,6,,2.028178,-1.527613,-1.646569,0.97
frl_apartment_1,106,0.031155,3,6,min,2.028178,-1.527613,-3.146569,0.92
frl_apartment_1,107,0.030875,3,6,min,2.028178,-1.527613,-3.646569,0.99
frl_apartment_1,108,0.032496,4,6,min,2.028178,-1.527613,-4.146568,0.99
frl_apartment_1,109,0.036399,4,6,min,2.028178,-1.527613,-4.646568,0.99
frl_apartment_1,113,0.047399,7,7,,2.528178,-1.527613,-0.146569,1.12
frl_apartment_1,114,0.040852,5,6,min,2.528178,-1.527613,-0.646569,1.0
frl_apartment_1,115,0.038276,5,6,min,2.528178,-1.527613,-1.146569,0.99
frl_apartment_1,116,0.041935,6,6,,2.528178,-1.527613,-1.646569,0.97
frl_apartment_1,119,0.038269,5,6,min,2.528178,-1.527613,-3.146569,0.92
frl_apartment_1,120,0.030032,3,6,min,2.528178,-1.527613,-3.646569,0.97
frl_apartment_1,121,0.032971,4,6,min,2.528178,-1.527613,-4.146568,0.97
frl_apartment_1,122,0.035612,4,6,min,2.528178,-1.527613,-4.646568,0.92
frl_apartment_1,127,0.042324,6,6,,3.028178,-1.527613,-0.646569,1.11
frl_apartment_1,128,0.043082,6,6,,3.028178,-1.527613,-1.146569,0.99
frl_apartment_1,129,0.040834,5,6,min,3.028178,-1.527613,-1.646569,0.97
frl_apartment_1,132,0.034293,4,6,min,3.028178,-1.527613,-3.146569,0.96
frl_apartment_1,133,0.029483,3,6,min,3.028178,-1.527613,-3.646569,0.96
frl_apartment_1,134,0.033255,4,6,min,3.028178,-1.527613,-4.146568,0.97
frl_apartment_1,135,0.034942,4,6,min,3.028178,-1.527613,-4.646568,0.97
frl_apartment_1,140,0.045216,7,7,,3.528178,-1.527613,-0.646569,1.11
frl_apartment_1,141,0.043996,6,6,,3.528178,-1.527613,-1.146569,1.01
frl_apartment_1,142,0.041807,6,6,,3.528178,-1.527613,-1.646569,1.0
frl_apartment_1,143,0.042692,6,6,,3.528178,-1.527613,-2.146569,0.98
frl_apartment_1,144,0.035777,4,6,min,3.528178,-1.527613,-2.646569,0.97
frl_apartment_1,145,0.029358,3,6,min,3.528178,-1.527613,-3.146569,0.91
frl_apartment_1,146,0.027256,3,6,min,3.528178,-1.527613,-3.646569,0.92
frl_apartment_1,147,0.0331,4,6,min,3.528178,-1.527613,-4.146568,0.98
frl_apartment_1,148,0.035423,4,6,min,3.528178,-1.527613,-4.646568,0.97
frl_apartment_1,153,0.051795,8,8,,4.028178,-1.527613,-0.646569,1.13
frl_apartment_1,154,0.046095,7,7,,4.028178,-1.527613,-1.146569,0.99
frl_apartment_1,155,0.049023,8,8,,4.028178,-1.527613,-1.646569,1.0
frl_apartment_1,156,0.04639,7,7,,4.028178,-1.527613,-2.146569,1.0
frl_apartment_1,157,0.035678,4,6,min,4.028178,-1.527613,-2.646569,0.97
frl_apartment_1,158,0.029834,3,6,min,4.028178,-1.527613,-3.146569,0.98
frl_apartment_1,159,0.028009,3,6,min,4.028178,-1.527613,-3.646569,0.97
frl_apartment_1,160,0.034298,4,6,min,4.028178,-1.527613,-4.146568,0.98
frl_apartment_1,167,0.06745,14,14,,4.528178,-1.527613,-1.646569,1.14
frl_apartment_1,168,0.059528,11,11,,4.528178,-1.527613,-2.146569,1.03
frl_apartment_1,169,0.038605,5,6,min,4.528178,-1.527613,-2.646569,0.99
frl_apartment_1,170,0.0328,4,6,min,4.528178,-1.527613,-3.146569,1.0
frl_apartment_1,171,0.032448,4,6,min,4.528178,-1.527613,-3.646569,0.99
frl_apartment_1,172,0.035626,4,6,min,4.528178,-1.527613,-4.146568,0.99
frl_apartment_1,173,0.034272,4,6,min,4.528178,-1.527613,-4.646568,1.01
frl_apartment_1,174,0.044052,6,6,,4.528178,-1.527613,-5.146568,0.95
frl_apartment_1,184,0.034147,4,6,min,5.028178,-1.527613,-3.646569,1.0
frl_apartment_1,185,0.039928,5,6,min,5.028178,-1.527613,-4.146568,0.99
frl_apartment_1,186,0.039731,5,6,min,5.028178,-1.527613,-4.646568,1.0
frl_apartment_1,187,0.048517,7,7,,5.028178,-1.527613,-5.146568,1.0
frl_apartment_1,188,0.078225,19,19,,5.028178,-1.527613,-5.646568,0.99
frl_apartment_1,191,0.038958,5,6,min,5.528178,-1.527613,-3.646569,0.94
frl_apartment_1,194,0.050027,8,8,,5.528178,-1.527613,-5.146568,1.0
frl_apartment_1,195,0.110863,37,37,,5.528178,-1.527613,-5.646568,1.02
frl_apartment_1,197,0.04058,5,6,min,6.028178,-1.527613,-3.146569,0.88
frl_apartment_1,198,0.036664,4,6,min,6.028178,-1.527613,-3.646569,0.92
frl_apartment_1,201,0.052295,9,9,,6.028178,-1.527613,-5.146568,1.0
frl_apartment_1,202,0.093404,26,26,,6.028178,-1.527613,-5.646568,1.01
frl_apartment_1,204,0.039672,5,6,min,6.528178,-1.527613,-3.146569,0.88
frl_apartment_1,205,0.038974,5,6,min,6.528178,-1.527613,-3.646569,0.92
frl_apartment_1,208,0.046923,7,7,,6.528178,-1.527613,-5.146568,0.97
frl_apartment_1,209,0.075035,17,17,,6.528178,-1.527613,-5.646568,0.96
frl_apartment_1,211,0.039829,5,6,min,7.028178,-1.527613,-3.146569,0.93
frl_apartment_1,212,0.041754,6,6,,7.028178,-1.527613,-3.646569,0.95
frl_apartment_1,214,0.041679,6,6,,7.028178,-1.527613,-4.646568,0.94
frl_apartment_1,215,0.045469,7,7,,7.028178,-1.527613,-5.146568,0.98
frl_apartment_1,216,0.060903,11,11,,7.028178,-1.527613,-5.646568,0.96
frl_apartment_1,219,0.046005,7,7,,7.528178,-1.527613,-3.146569,0.94
frl_apartment_1,220,0.040996,5,6,min,7.528178,-1.527613,-3.646569,0.96
frl_apartment_1,221,0.046437,7,7,,7.528178,-1.527613,-4.146568,0.96
frl_apartment_1,222,0.044263,6,6,,7.528178,-1.527613,-4.646568,0.95
frl_apartment_1,223,0.051145,8,8,,7.528178,-1.527613,-5.146568,0.94
frl_apartment_1,224,0.065197,13,13,,7.528178,-1.527613,-5.646568,0.93
frl_apartment_1,227,0.049366,8,8,,8.028178,-1.527613,-3.146569,0.94
frl_apartment_1,228,0.046745,7,7,,8.028178,-1.527613,-3.646569,0.95
frl_apartment_1,229,0.044358,6,6,,8.028178,-1.527613,-4.146568,0.95
frl_apartment_1,230,0.048587,7,7,,8.028178,-1.527613,-4.646568,0.95
frl_apartment_1,231,0.052515,9,9,,8.028178,-1.527613,-5.146568,0.95
frl_apartment_1,235,0.056534,10,10,,8.528178,-1.527613,-3.146569,0.94
frl_apartment_3,0,0.100557,30,30,,-3.199887,-1.538082,0.01797,0.97
frl_apartment_3,1,0.081089,20,20,,-3.199887,-1.538082,-0.48203,0.99
frl_apartment_3,3,0.089501,24,24,,-2.699887,-1.538082,0.01797,1.0
frl_apartment_3,4,0.078459,19,19,,-2.699887,-1.538082,-0.48203,1.01
frl_apartment_3,5,0.077386,18,18,,-2.699887,-1.538082,-0.98203,1.0
frl_apartment_3,9,0.081644,20,20,,-2.199887,-1.538082,0.01797,1.01
frl_apartment_3,10,0.077372,18,18,,-2.199887,-1.538082,-0.48203,1.0
frl_apartment_3,11,0.068091,14,14,,-2.199887,-1.538082,-0.98203,1.01
frl_apartment_3,18,0.065955,13,13,,-1.699887,-1.538082,-0.48203,0.95
frl_apartment_3,19,0.066616,14,14,,-1.699887,-1.538082,-0.98203,1.0
frl_apartment_3,26,0.080387,20,20,,-1.199887,-1.538082,0.01797,0.95
frl_apartment_3,27,0.058612,11,11,,-1.199887,-1.538082,-0.48203,0.99
frl_apartment_3,28,0.065494,13,13,,-1.199887,-1.538082,-0.98203,0.99
frl_apartment_3,35,0.058685,11,11,,-0.699887,-1.538082,0.01797,0.94
frl_apartment_3,36,0.060629,11,11,,-0.699887,-1.538082,-0.48203,0.98
frl_apartment_3,37,0.069326,15,15,,-0.699887,-1.538082,-0.98203,1.01
frl_apartment_3,43,0.082522,21,21,,-0.199887,-1.538082,0.51797,0.92
frl_apartment_3,44,0.053585,9,9,,-0.199887,-1.538082,0.01797,0.97
frl_apartment_3,45,0.053126,9,9,,-0.199887,-1.538082,-0.48203,0.99
frl_apartment_3,52,0.074571,17,17,,0.300113,-1.538082,0.51797,0.97
frl_apartment_3,53,0.051039,8,8,,0.300113,-1.538082,0.01797,0.96
frl_apartment_3,54,0.057602,10,10,,0.300113,-1.538082,-0.48203,0.97
frl_apartment_3,56,0.045144,7,7,,0.300113,-1.538082,-3.48203,0.8
frl_apartment_3,57,0.048027,7,7,,0.300113,-1.538082,-3.98203,0.95
frl_apartment_3,58,0.050633,8,8,,0.300113,-1.538082,-4.48203,0.98
frl_apartment_3,59,0.057462,10,10,,0.300113,-1.538082,-4.98203,0.98
frl_apartment_3,62,0.050625,8,8,,0.800113,-1.538082,0.01797,1.2
frl_apartment_3,63,0.047409,7,7,,0.800113,-1.538082,-0.48203,0.97
frl_apartment_3,64,0.053768,9,9,,0.800113,-1.538082,-0.98203,0.97
frl_apartment_3,66,0.049509,8,8,,0.800113,-1.538082,-2.98203,0.83
frl_apartment_3,67,0.043426,6,6,,0.800113,-1.538082,-3.48203,0.97
frl_apartment_3,68,0.048159,7,7,,0.800113,-1.538082,-3.98203,0.97
frl_apartment_3,69,0.049264,8,8,,0.800113,-1.538082,-4.48203,0.91
frl_apartment_3,70,0.048233,7,7,,0.800113,-1.538082,-4.98203,0.97
frl_apartment_3,73,0.049291,8,8,,1.300113,-1.538082,0.01797,1.16
frl_apartment_3,74,0.04191,6,6,,1.300113,-1.538082,-0.48203,1.0
frl_apartment_3,75,0.046961,7,7,,1.300113,-1.538082,-0.98203,0.96
frl_apartment_3,79,0.038036,5,6,min,1.300113,-1.538082,-2.98203,0.86
frl_apartment_3,80,0.037942,5,6,min,1.300113,-1.538082,-3.48203,0.97
frl_apartment_3,81,0.040102,5,6,min,1.300113,-1.538082,-3.98203,0.96
frl_apartment_3,82,0.042292,6,6,,1.300113,-1.538082,-4.48203,0.96
frl_apartment_3,83,0.043945,6,6,,1.300113,-1.538082,-4.98203,0.89
frl_apartment_3,87,0.049402,8,8,,1.800113,-1.538082,0.01797,1.13
frl_apartment_3,88,0.045555,7,7,,1.800113,-1.538082,-0.48203,0.98
frl_apartment_3,89,0.045612,7,7,,1.800113,-1.538082,-0.98203,0.9
frl_apartment_3,90,0.046402,7,7,,1.800113,-1.538082,-1.48203,0.93
frl_apartment_3,93,0.035582,4,6,min,1.800113,-1.538082,-2.98203,0.92
frl_apartment_3,94,0.035605,4,6,min,1.800113,-1.538082,-3.48203,0.97
frl_apartment_3,95,0.036278,4,6,min,1.800113,-1.538082,-3.98203,0.95
frl_apartment_3,96,0.039079,5,6,min,1.800113,-1.538082,-4.48203,0.96
frl_apartment_3,97,0.042278,6,6,,1.800113,-1.538082,-4.98203,0.96
frl_apartment_3,101,0.047979,7,7,,2.300113,-1.538082,0.01797,1.13
frl_apartment_3,102,0.042889,6,6,,2.300113,-1.538082,-0.48203,1.0
frl_apartment_3,103,0.044272,6,6,,2.300113,-1.538082,-0.98203,0.97
frl_apartment_3,104,0.046238,7,7,,2.300113,-1.538082,-1.48203,0.93
frl_apartment_3,105,0.049058,8,8,,2.300113,-1.538082,-1.98203,0.95
frl_apartment_3,106,0.037552,5,6,min,2.300113,-1.538082,-2.48203,0.95
frl_apartment_3,107,0.032232,4,6,min,2.300113,-1.538082,-2.98203,0.96
frl_apartment_3,108,0.029724,3,6,min,2.300113,-1.538082,-3.48203,0.95
frl_apartment_3,109,0.032194,4,6,min,2.300113,-1.538082,-3.98203,0.96
frl_apartment_3,110,0.0357,4,6,min,2.300113,-1.538082,-4.48203,0.95
frl_apartment_3,111,0.040691,5,6,min,2.300113,-1.538082,-4.98203,0.94
frl_apartment_3,114,0.047417,7,7,,2.800113,-1.538082,0.01797,1.13
frl_apartment_3,115,0.049478,8,8,,2.800113,-1.538082,-0.48203,0.97
frl_apartment_3,119,0.03549,4,6,min,2.800113,-1.538082,-2.48203,0.89
frl_apartment_3,120,0.029156,3,6,min,2.800113,-1.538082,-2.98203,0.96
frl_apartment_3,121,0.031488,3,6,min,2.800113,-1.538082,-3.48203,0.95
frl_apartment_3,122,0.029682,3,6,min,2.800113,-1.538082,-3.98203,0.96
frl_apartment_3,123,0.031885,4,6,min,2.800113,-1.538082,-4.48203,0.95
frl_apartment_3,124,0.037773,5,6,min,2.800113,-1.538082,-4.98203,0.94
frl_apartment_3,127,0.050395,8,8,,3.300113,-1.538082,0.01797,1.14
frl_apartment_3,128,0.045505,7,7,,3.300113,-1.538082,-0.48203,0.97
frl_apartment_3,132,0.04095,5,6,min,3.300113,-1.538082,-2.48203,0.88
frl_apartment_3,133,0.028244,3,6,min,3.300113,-1.538082,-2.98203,0.94
frl_apartment_3,134,0.028544,3,6,min,3.300113,-1.538082,-3.48203,0.96
frl_apartment_3,135,0.031089,3,6,min,3.300113,-1.538082,-3.98203,0.96
frl_apartment_3,136,0.033686,4,6,min,3.300113,-1.538082,-4.48203,0.95
frl_apartment_3,137,0.039046,5,6,min,3.300113,-1.538082,-4.98203,0.95
frl_apartment_3,140,0.05437,9,9,,3.800113,-1.538082,0.01797,1.16
frl_apartment_3,141,0.052283,9,9,,3.800113,-1.538082,-0.48203,0.97
frl_apartment_3,142,0.053825,9,9,,3.800113,-1.538082,-0.98203,0.95
frl_apartment_3,143,0.057835,10,10,,3.800113,-1.538082,-1.48203,0.93
frl_apartment_3,144,0.049595,8,8,,3.800113,-1.538082,-1.98203,0.94
frl_apartment_3,145,0.035745,4,6,min,3.800113,-1.538082,-2.48203,0.94
frl_apartment_3,146,0.031706,3,6,min,3.800113,-1.538082,-2.98203,0.97
frl_apartment_3,147,0.025295,2,6,min,3.800113,-1.538082,-3.48203,0.96
frl_apartment_3,148,0.029283,3,6,min,3.800113,-1.538082,-3.98203,0.95
frl_apartment_3,149,0.035644,4,6,min,3.800113,-1.538082,-4.48203,0.95
frl_apartment_3,150,0.0418,6,6,,3.800113,-1.538082,-4.98203,0.94
frl_apartment_3,152,0.05846,11,11,,4.300113,-1.538082,0.01797,1.13
frl_apartment_3,153,0.060559,11,11,,4.300113,-1.538082,-0.48203,0.98
frl_apartment_3,154,0.05449,9,9,,4.300113,-1.538082,-0.98203,0.95
frl_apartment_3,155,0.05407,9,9,,4.300113,-1.538082,-1.48203,0.94
frl_apartment_3,156,0.045496,7,7,,4.300113,-1.538082,-1.98203,0.97
frl_apartment_3,157,0.040178,5,6,min,4.300113,-1.538082,-2.48203,0.95
frl_apartment_3,158,0.031294,3,6,min,4.300113,-1.538082,-2.98203,0.9
frl_apartment_3,159,0.028923,3,6,min,4.300113,-1.538082,-3.48203,0.96
frl_apartment_3,160,0.027249,3,6,min,4.300113,-1.538082,-3.98203,0.98
frl_apartment_3,161,0.037857,5,6,min,4.300113,-1.538082,-4.48203,0.96
frl_apartment_3,164,0.067703,14,14,,4.800113,-1.538082,0.01797,1.11
frl_apartment_3,165,0.078225,19,19,,4.800113,-1.538082,-0.48203,1.01
frl_apartment_3,166,0.077517,18,18,,4.800113,-1.538082,-0.98203,0.96
frl_apartment_3,168,0.057358,10,10,,4.800113,-1.538082,-1.98203,0.92
frl_apartment_3,169,0.0386,5,6,min,4.800113,-1.538082,-2.48203,0.94
frl_apartment_3,170,0.033937,4,6,min,4.800113,-1.538082,-2.98203,0.96
frl_apartment_3,171,0.031143,3,6,min,4.800113,-1.538082,-3.48203,0.96
frl_apartment_3,172,0.030396,3,6,min,4.800113,-1.538082,-3.98203,0.97
frl_apartment_3,173,0.041558,6,6,,4.800113,-1.538082,-4.48203,0.97
frl_apartment_3,174,0.052408,9,9,,4.800113,-1.538082,-4.98203,0.98
frl_apartment_3,177,0.075507,17,17,,5.300113,-1.538082,0.51797,1.09
frl_apartment_3,178,0.084245,21,21,,5.300113,-1.538082,0.01797,0.96
frl_apartment_3,181,0.040378,5,6,min,5.300113,-1.538082,-2.48203,0.85
frl_apartment_3,182,0.034722,4,6,min,5.300113,-1.538082,-2.98203,0.94
frl_apartment_3,183,0.031067,3,6,min,5.300113,-1.538082,-3.48203,0.98
frl_apartment_3,184,0.032371,4,6,min,5.300113,-1.538082,-3.98203,0.98
frl_apartment_3,185,0.040328,5,6,min,5.300113,-1.538082,-4.48203,0.98
frl_apartment_3,189,0.040913,5,6,min,5.800113,-1.538082,-2.48203,0.98
frl_apartment_3,190,0.033485,4,6,min,5.800113,-1.538082,-2.98203,0.96
frl_apartment_3,191,0.034653,4,6,min,5.800113,-1.538082,-3.48203,0.96
frl_apartment_3,192,0.035758,4,6,min,5.800113,-1.538082,-3.98203,0.84
frl_apartment_3,193,0.042908,6,6,,5.800113,-1.538082,-4.48203,0.99
frl_apartment_3,194,0.065771,13,13,,5.800113,-1.538082,-4.98203,1.02
frl_apartment_3,198,0.035694,4,6,min,6.300113,-1.538082,-2.98203,0.92
frl_apartment_3,199,0.034981,4,6,min,6.300113,-1.538082,-3.48203,0.96
frl_apartment_3,200,0.03485,4,6,min,6.300113,-1.538082,-3.98203,0.97
frl_apartment_3,201,0.049394,8,8,,6.300113,-1.538082,-4.48203,0.98
frl_apartment_3,202,0.055851,10,10,,6.300113,-1.538082,-4.98203,1.0
frl_apartment_3,206,0.038973,5,6,min,6.800113,-1.538082,-2.98203,0.9
frl_apartment_3,207,0.033643,4,6,min,6.800113,-1.538082,-3.48203,0.88
frl_apartment_3,208,0.039025,5,6,min,6.800113,-1.538082,-3.98203,0.89
frl_apartment_3,209,0.047001,7,7,,6.800113,-1.538082,-4.48203,0.89
frl_apartment_3,210,0.053539,9,9,,6.800113,-1.538082,-4.98203,0.97
frl_apartment_3,214,0.04087,5,6,min,7.300113,-1.538082,-2.98203,0.91
frl_apartment_3,215,0.035059,4,6,min,7.300113,-1.538082,-3.48203,0.88
frl_apartment_3,216,0.039346,5,6,min,7.300113,-1.538082,-3.98203,0.95
frl_apartment_3,217,0.043316,6,6,,7.300113,-1.538082,-4.48203,0.96
frl_apartment_3,218,0.049715,8,8,,7.300113,-1.538082,-4.98203,0.96
frl_apartment_3,222,0.039154,5,6,min,7.800113,-1.538082,-2.98203,0.92
frl_apartment_3,223,0.040526,5,6,min,7.800113,-1.538082,-3.48203,0.97
frl_apartment_3,224,0.041178,6,6,,7.800113,-1.538082,-3.98203,0.97
frl_apartment_3,225,0.046349,7,7,,7.800113,-1.538082,-4.48203,0.96
frl_apartment_3,226,0.056047,10,10,,7.800113,-1.538082,-4.98203,0.96
frl_apartment_3,230,0.049877,8,8,,8.300114,-1.538082,-2.98203,0.93
frl_apartment_3,231,0.042307,6,6,,8.300114,-1.538082,-3.48203,0.96
frl_apartment_3,232,0.051949,8,8,,8.300114,-1.538082,-3.98203,0.88
frl_apartment_3,233,0.056916,10,10,,8.300114,-1.538082,-4.48203,0.97
frl_apartment_3,234,0.074078,17,17,,8.300114,-1.538082,-4.98203,0.96
apartment_1,11,0.074689,17,17,,-1.978845,-1.725024,-0.241209,1.23
apartment_1,12,0.069317,15,15,,-1.978845,-1.725024,-0.741209,1.25
apartment_1,13,0.067604,14,14,,-1.978845,-1.725024,-1.241209,1.28
apartment_1,14,0.075156,17,17,,-1.978845,-1.725024,-1.741209,1.26
apartment_1,15,0.071388,16,16,,-1.978845,-1.725024,-2.241209,1.25
apartment_1,16,0.070669,15,15,,-1.978845,-1.725024,-2.741209,1.23
apartment_1,17,0.067688,14,14,,-1.978845,-1.725024,-3.241209,1.24
apartment_1,18,0.064955,13,13,,-1.978845,-1.725024,-3.741209,1.25
apartment_1,19,0.075828,17,17,,-1.978845,-1.725024,-4.241209,1.25
apartment_1,20,0.057579,10,10,,-1.978845,-1.725024,-4.741209,1.26
apartment_1,21,0.07576,17,17,,-1.978845,-1.725024,-5.241209,1.25
apartment_1,22,0.066059,13,13,,-1.978845,-1.725024,-5.741209,1.25
apartment_1,23,0.090719,25,25,,-1.978845,-1.725024,-6.241209,1.26
apartment_1,26,0.070269,15,15,,-1.478845,-1.725024,-0.241209,1.25
apartment_1,27,0.067977,14,14,,-1.478845,-1.725024,-0.741209,1.23
apartment_1,36,0.067288,14,14,,-1.478845,-1.725024,-5.241209,1.21
apartment_1,37,0.069613,15,15,,-1.478845,-1.725024,-5.741209,1.22
apartment_1,38,0.070086,15,15,,-1.478845,-1.725024,-6.241209,1.26
apartment_1,40,0.068779,14,14,,-0.978845,-1.725024,0.758791,1.31
apartment_1,41,0.06302,12,12,,-0.978845,-1.725024,0.258791,1.23
apartment_1,42,0.058243,11,11,,-0.978845,-1.725024,-0.241209,1.23
apartment_1,43,0.061306,12,12,,-0.978845,-1.725024,-0.741209,1.23
apartment_1,52,0.061303,12,12,,-0.978845,-1.725024,-5.241209,1.22
apartment_1,53,0.057626,10,10,,-0.978845,-1.725024,-5.741209,1.23
apartment_1,54,0.066112,13,13,,-0.978845,-1.725024,-6.241209,1.23
apartment_1,57,0.049589,8,8,,-0.478845,-1.725024,0.258791,1.25
apartment_1,58,0.053639,9,9,,-0.478845,-1.725024,-0.241209,1.26
apartment_1,59,0.05418,9,9,,-0.478845,-1.725024,-0.741209,1.25
apartment_1,60,0.049524,8,8,,-0.478845,-1.725024,-1.241209,1.27
apartment_1,61,0.047423,7,7,,-0.478845,-1.725024,-1.741209,1.23
apartment_1,62,0.047777,7,7,,-0.478845,-1.725024,-2.241209,1.24
apartment_1,63,0.053818,9,9,,-0.478845,-1.725024,-2.741209,1.23
apartment_1,64,0.051012,8,8,,-0.478845,-1.725024,-3.241209,1.24
apartment_1,65,0.048491,7,7,,-0.478845,-1.725024,-3.741209,1.24
apartment_1,68,0.056798,10,10,,-0.478845,-1.725024,-5.241209,1.22
apartment_1,69,0.058331,11,11,,-0.478845,-1.725024,-5.741209,1.24
apartment_1,70,0.062511,12,12,,-0.478845,-1.725024,-6.241209,1.23
apartment_1,73,0.050642,8,8,,0.021155,-1.725024,0.258791,1.25
apartment_1,74,0.047737,7,7,,0.021155,-1.725024,-0.241209,1.24
apartment_1,75,0.04713,7,7,,0.021155,-1.725024,-0.741209,1.26
apartment_1,76,0.045812,7,7,,0.021155,-1.725024,-1.241209,1.25
apartment_1,77,0.047254,7,7,,0.021155,-1.725024,-1.741209,1.26
apartment_1,78,0.048191,7,7,,0.021155,-1.725024,-2.241209,1.27
apartment_1,81,0.049188,8,8,,0.021155,-1.725024,-3.741209,1.28
apartment_1,84,0.058196,11,11,,0.021155,-1.725024,-5.241209,1.24
apartment_1,85,0.062104,12,12,,0.021155,-1.725024,-5.741209,1.24
apartment_1,86,0.059557,11,11,,0.021155,-1.725024,-6.241209,1.23
apartment_1,88,0.052109,9,9,,0.521155,-1.725024,0.258791,1.23
apartment_1,89,0.04972,8,8,,0.521155,-1.725024,-0.241209,1.24
apartment_1,90,0.047974,7,7,,0.521155,-1.725024,-0.741209,1.28
apartment_1,91,0.0482,7,7,,0.521155,-1.725024,-1.241209,1.24
apartment_1,92,0.046375,7,7,,0.521155,-1.725024,-1.741209,1.28
apartment_1,93,0.050214,8,8,,0.521155,-1.725024,-2.241209,1.28
apartment_1,96,0.051771,8,8,,0.521155,-1.725024,-3.741209,1.25
apartment_1,99,0.05493,9,9,,0.521155,-1.725024,-5.241209,1.23
apartment_1,100,0.062881,12,12,,0.521155,-1.725024,-5.741209,1.22
apartment_1,101,0.064601,13,13,,0.521155,-1.725024,-6.241209,1.22
apartment_1,104,0.053026,9,9,,1.021155,-1.725024,0.258791,1.21
apartment_1,105,0.055336,10,10,,1.021155,-1.725024,-0.241209,1.25
apartment_1,106,0.053312,9,9,,1.021155,-1.725024,-0.741209,1.25
apartment_1,107,0.049411,8,8,,1.021155,-1.725024,-1.241209,1.3
apartment_1,108,0.049775,8,8,,1.021155,-1.725024,-1.741209,1.26
apartment_1,109,0.050897,8,8,,1.021155,-1.725024,-2.241209,1.26
apartment_1,110,0.057617,10,10,,1.021155,-1.725024,-2.741209,1.25
apartment_1,111,0.058408,11,11,,1.021155,-1.725024,-3.241209,1.23
apartment_1,112,0.052999,9,9,,1.021155,-1.725024,-3.741209,1.23
apartment_1,113,0.058309,11,11,,1.021155,-1.725024,-4.241209,1.23
apartment_1,114,0.057645,10,10,,1.021155,-1.725024,-4.741209,1.24
apartment_1,115,0.058322,11,11,,1.021155,-1.725024,-5.241209,1.26
apartment_1,116,0.057975,10,10,,1.021155,-1.725024,-5.741209,1.23
apartment_1,117,0.066633,14,14,,1.021155,-1.725024,-6.241209,1.22
apartment_1,119,0.056422,10,10,,1.521155,-1.725024,0.258791,0.82
apartment_1,120,0.053738,9,9,,1.521155,-1.725024,-0.241209,0.45
apartment_1,121,0.055896,10,10,,1.521155,-1.725024,-0.741209,0.95
apartment_1,122,0.053076,9,9,,1.521155,-1.725024,-1.241209,1.29
apartment_1,123,0.049876,8,8,,1.521155,-1.725024,-1.741209,1.27
apartment_1,124,0.059817,11,11,,1.521155,-1.725024,-2.241209,1.27
apartment_1,128,0.053255,9,9,,1.521155,-1.725024,-4.241209,1.25
apartment_1,129,0.054945,9,9,,1.521155,-1.725024,-4.741209,1.25
apartment_1,130,0.054121,9,9,,1.521155,-1.725024,-5.241209,1.25
apartment_1,131,0.061581,12,12,,1.521155,-1.725024,-5.741209,1.25
apartment_1,132,0.070833,15,15,,1.521155,-1.725024,-6.241209,1.25
apartment_1,134,0.048364,7,7,,2.021155,-1.725024,0.258791,0.79
apartment_1,137,0.043729,6,6,,2.521155,-1.725024,0.758791,0.58
apartment_1,138,0.045076,7,7,,2.521155,-1.725024,0.258791,0.46
apartment_1,139,0.051757,8,8,,2.521155,-1.725024,-0.241209,0.67
apartment_1,140,0.052627,9,9,,2.521155,-1.725024,-0.741209,1.11
apartment_1,141,0.044169,6,6,,2.521155,-1.725024,-1.241209,0.74
apartment_1,142,0.048116,7,7,,2.521155,-1.725024,-1.741209,0.9
apartment_1,143,0.05789,10,10,,2.521155,-1.725024,-2.241209,0.63
apartment_1,144,0.08726,23,23,,2.521155,-1.725024,-2.741209,1.0
apartment_1,145,0.067066,14,14,,2.521155,-1.725024,-3.241209,0.89
apartment_1,146,0.063085,12,12,,2.521155,-1.725024,-3.741209,1.25
apartment_1,147,0.073452,16,16,,2.521155,-1.725024,-4.241209,1.22
apartment_1,148,0.069911,15,15,,2.521155,-1.725024,-4.741209,1.22
apartment_1,149,0.068773,14,14,,2.521155,-1.725024,-5.241209,1.23
apartment_1,150,0.062858,12,12,,2.521155,-1.725024,-5.741209,1.21
apartment_1,151,0.079139,19,19,,2.521155,-1.725024,-6.241209,1.21
apartment_1,153,0.046621,7,7,,3.021155,-1.725024,0.758791,0.44
apartment_1,154,0.04019,5,6,min,3.021155,-1.725024,0.258791,0.51
apartment_1,155,0.043665,6,6,,3.021155,-1.725024,-0.241209,0.81
apartment_1,156,0.043112,6,6,,3.021155,-1.725024,-0.741209,0.66
apartment_1,157,0.043859,6,6,,3.021155,-1.725024,-1.241209,0.89
apartment_1,158,0.050264,8,8,,3.021155,-1.725024,-1.741209,0.61
apartment_1,159,0.056587,10,10,,3.021155,-1.725024,-2.241209,0.51
apartment_1,160,0.069728,15,15,,3.021155,-1.725024,-2.741209,0.65
apartment_1,161,0.067572,14,14,,3.021155,-1.725024,-3.241209,1.02
apartment_1,162,0.061834,12,12,,3.021155,-1.725024,-3.741209,1.29
apartment_1,163,0.064069,13,13,,3.021155,-1.725024,-4.241209,1.23
apartment_1,164,0.061758,12,12,,3.021155,-1.725024,-4.741209,1.23
apartment_1,165,0.065654,13,13,,3.021155,-1.725024,-5.241209,1.23
apartment_1,166,0.071718,16,16,,3.021155,-1.725024,-5.741209,1.2
apartment_1,167,0.068382,14,14,,3.021155,-1.725024,-6.241209,1.18
apartment_1,169,0.036447,4,6,min,3.521155,-1.725024,0.258791,0.56
apartment_1,170,0.038749,5,6,min,3.521155,-1.725024,-0.241209,0.91
apartment_1,171,0.039791,5,6,min,3.521155,-1.725024,-0.741209,0.67
apartment_1,172,0.042076,6,6,,3.521155,-1.725024,-1.241209,0.67
apartment_1,173,0.045486,7,7,,3.521155,-1.725024,-1.741209,0.8
apartment_1,174,0.057598,10,10,,3.521155,-1.725024,-2.241209,0.74
apartment_1,175,0.066306,13,13,,3.521155,-1.725024,-2.741209,0.88
apartment_1,176,0.064182,13,13,,3.521155,-1.725024,-3.241209,1.22
apartment_1,177,0.060796,11,11,,3.521155,-1.725024,-3.741209,1.29
apartment_1,178,0.06271,12,12,,3.521155,-1.725024,-4.241209,1.24
apartment_1,180,0.070764,15,15,,3.521155,-1.725024,-5.241209,1.2
apartment_1,181,0.065764,13,13,,3.521155,-1.725024,-5.741209,1.19
apartment_1,182,0.066892,14,14,,3.521155,-1.725024,-6.241209,1.18
apartment_1,184,0.03977,5,6,min,4.021155,-1.725024,-0.241209,0.53
apartment_1,185,0.039301,5,6,min,4.021155,-1.725024,-0.741209,0.9
apartment_1,186,0.044426,6,6,,4.021155,-1.725024,-1.241209,0.68
apartment_1,187,0.053488,9,9,,4.021155,-1.725024,-1.741209,0.93
apartment_1,188,0.045154,7,7,,4.021155,-1.725024,-2.241209,1.0
apartment_1,189,0.06765,14,14,,4.021155,-1.725024,-2.741209,0.77
apartment_1,190,0.071792,16,16,,4.021155,-1.725024,-3.241209,1.14
apartment_1,191,0.065842,13,13,,4.021155,-1.725024,-3.741209,1.24
apartment_1,195,0.06344,12,12,,4.021155,-1.725024,-5.741209,1.21
apartment_1,196,0.065742,13,13,,4.021155,-1.725024,-6.241209,1.19
apartment_1,198,0.040944,5,6,min,4.521155,-1.725024,-0.241209,0.51
apartment_1,199,0.038389,5,6,min,4.521155,-1.725024,-0.741209,0.65
apartment_1,200,0.044931,6,6,,4.521155,-1.725024,-1.741209,0.88
apartment_1,201,0.0559,10,10,,4.521155,-1.725024,-2.241209,0.54
apartment_1,202,0.058093,10,10,,4.521155,-1.725024,-2.741209,0.77
apartment_1,203,0.083783,21,21,,4.521155,-1.725024,-3.241209,1.15
apartment_1,204,0.062735,12,12,,4.521155,-1.725024,-3.741209,1.22
apartment_1,209,0.063463,12,12,,4.521155,-1.725024,-6.241209,1.18
apartment_1,210,0.051732,8,8,,5.021155,-1.725024,-1.741209,0.5
apartment_1,211,0.068213,14,14,,5.021155,-1.725024,-3.241209,1.15
apartment_1,212,0.06687,14,14,,5.021155,-1.725024,-3.741209,1.22
apartment_1,217,0.064391,13,13,,5.021155,-1.725024,-6.241209,1.17
apartment_1,218,0.07814,19,19,,5.521155,-1.725024,-3.241209,1.2
apartment_1,219,0.065526,13,13,,5.521155,-1.725024,-3.741209,1.18
apartment_1,224,0.061298,12,12,,5.521155,-1.725024,-6.241209,1.2
apartment_1,225,0.068955,15,15,,6.021155,-1.725024,-3.241209,1.22
apartment_1,226,0.07401,17,17,,6.021155,-1.725024,-3.741209,1.18
apartment_1,230,0.063096,12,12,,6.021155,-1.725024,-5.741209,1.17
apartment_1,231,0.067373,14,14,,6.021155,-1.725024,-6.241209,1.16
apartment_1,232,0.084008,21,21,,6.021155,-1.725024,-6.741209,1.15
apartment_1,233,0.071744,16,16,,6.521155,-1.725024,-3.241209,1.2
apartment_1,234,0.064477,13,13,,6.521155,-1.725024,-3.741209,1.19
apartment_1,235,0.064998,13,13,,6.521155,-1.725024,-4.241209,1.18
apartment_1,237,0.06495,13,13,,6.521155,-1.725024,-5.241209,1.16
apartment_1,238,0.063307,12,12,,6.521155,-1.725024,-5.741209,1.17
apartment_1,239,0.070989,15,15,,6.521155,-1.725024,-6.241209,1.16
apartment_1,240,0.080494,20,20,,6.521155,-1.725024,-6.741209,1.15
apartment_1,241,0.071787,16,16,,7.021155,-1.725024,-3.241209,1.2
apartment_1,242,0.068008,14,14,,7.021155,-1.725024,-3.741209,1.17
apartment_1,243,0.072797,16,16,,7.021155,-1.725024,-4.241209,1.16
apartment_1,244,0.077702,18,18,,7.021155,-1.725024,-4.741209,1.18
apartment_1,245,0.069079,15,15,,7.021155,-1.725024,-5.241209,1.18
apartment_1,246,0.0657,13,13,,7.021155,-1.725024,-5.741209,1.18
apartment_1,247,0.067763,14,14,,7.021155,-1.725024,-6.241209,1.17
apartment_1,248,0.074209,17,17,,7.021155,-1.725024,-6.741209,1.14
apartment_1,249,0.094804,27,27,,7.521155,-1.725024,-3.241209,1.22
apartment_1,250,0.073535,16,16,,7.521155,-1.725024,-3.741209,1.16
apartment_1,254,0.068038,14,14,,7.521155,-1.725024,-5.741209,1.15
apartment_1,255,0.064224,13,13,,7.521155,-1.725024,-6.241209,1.18
apartment_1,256,0.082824,21,21,,7.521155,-1.725024,-6.741209,1.15
apartment_0,4,0.089796,24,24,,-2.609645,-1.543482,4.183166,1.56
apartment_0,5,0.081897,20,20,,-2.609645,-1.543482,3.683166,1.57
apartment_0,6,0.082456,21,21,,-2.609645,-1.543482,3.183166,1.57
apartment_0,7,0.07003,15,15,,-2.609645,-1.543482,2.683166,1.58
apartment_0,8,0.0836,21,21,,-2.609645,-1.543482,2.183166,1.59
apartment_0,9,0.08188,20,20,,-2.609645,-1.543482,1.683166,1.58
apartment_0,10,0.08795,23,23,,-2.609645,-1.543482,1.183166,1.54
apartment_0,11,0.091905,25,25,,-2.609645,-1.543482,0.683166,1.57
apartment_0,15,0.087879,23,23,,-2.109645,-1.543482,6.183166,1.58
apartment_0,16,0.071945,16,16,,-2.109645,-1.543482,5.683166,1.62
apartment_0,17,0.078223,19,19,,-2.109645,-1.543482,5.183166,1.56
apartment_0,18,0.069995,15,15,,-2.109645,-1.543482,4.683166,1.54
apartment_0,19,0.077961,18,18,,-2.109645,-1.543482,4.183166,1.55
apartment_0,20,0.07148,16,16,,-2.109645,-1.543482,3.683166,1.52
apartment_0,21,0.073543,16,16,,-2.109645,-1.543482,3.183166,1.57
apartment_0,22,0.07071,15,15,,-2.109645,-1.543482,2.683166,1.57
apartment_0,23,0.071033,15,15,,-2.109645,-1.543482,2.183166,1.56
apartment_0,24,0.076282,18,18,,-2.109645,-1.543482,1.683166,1.58
apartment_0,25,0.078507,19,19,,-2.109645,-1.543482,1.183166,1.57
apartment_0,26,0.084145,21,21,,-2.109645,-1.543482,0.683166,1.53
apartment_0,35,0.069281,15,15,,-1.609645,-1.543482,5.683166,1.58
apartment_0,36,0.067339,14,14,,-1.609645,-1.543482,5.183166,1.55
apartment_0,37,0.061722,12,12,,-1.609645,-1.543482,4.683166,1.53
apartment_0,38,0.065576,13,13,,-1.609645,-1.543482,4.183166,1.57
apartment_0,40,0.062828,12,12,,-1.609645,-1.543482,3.183166,1.54
apartment_0,41,0.064126,13,13,,-1.609645,-1.543482,2.683166,1.52
apartment_0,42,0.069683,15,15,,-1.609645,-1.543482,2.183166,1.54
apartment_0,43,0.071507,16,16,,-1.609645,-1.543482,1.683166,1.53
apartment_0,44,0.083192,21,21,,-1.609645,-1.543482,1.183166,1.56
apartment_0,45,0.072036,16,16,,-1.609645,-1.543482,0.683166,1.57
apartment_0,53,0.06837,14,14,,-1.109645,-1.543482,5.683166,1.55
apartment_0,54,0.064855,13,13,,-1.109645,-1.543482,5.183166,1.57
apartment_0,55,0.061917,12,12,,-1.109645,-1.543482,4.683166,1.51
apartment_0,58,0.064889,13,13,,-1.109645,-1.543482,3.183166,1.54
apartment_0,59,0.064675,13,13,,-1.109645,-1.543482,2.683166,1.54
apartment_0,60,0.065617,13,13,,-1.109645,-1.543482,2.183166,1.54
apartment_0,61,0.068325,14,14,,-1.109645,-1.543482,1.683166,1.53
apartment_0,62,0.068028,14,14,,-1.109645,-1.543482,1.183166,1.54
apartment_0,63,0.069121,15,15,,-1.109645,-1.543482,0.683166,1.52
apartment_0,72,0.063317,12,12,,-0.609645,-1.543482,5.683166,1.57
apartment_0,73,0.065515,13,13,,-0.609645,-1.543482,5.183166,1.52
apartment_0,74,0.058438,11,11,,-0.609645,-1.543482,4.683166,1.57
apartment_0,78,0.065303,13,13,,-0.609645,-1.543482,2.683166,1.54
apartment_0,79,0.064642,13,13,,-0.609645,-1.543482,2.183166,1.57
apartment_0,82,0.064658,13,13,,-0.609645,-1.543482,0.683166,1.53
apartment_0,86,0.106295,34,34,,-0.609645,-1.543482,-1.316834,1.46
apartment_0,93,0.060408,11,11,,-0.109645,-1.543482,6.683166,1.6
apartment_0,94,0.05977,11,11,,-0.109645,-1.543482,6.183166,1.55
apartment_0,95,0.058851,11,11,,-0.109645,-1.543482,5.683166,1.56
apartment_0,96,0.061951,12,12,,-0.109645,-1.543482,5.183166,1.54
apartment_0,97,0.060482,11,11,,-0.109645,-1.543482,4.683166,1.54
apartment_0,101,0.06819,14,14,,-0.109645,-1.543482,2.683166,1.54
apartment_0,105,0.069061,15,15,,-0.109645,-1.543482,0.683166,1.48
apartment_0,106,0.069605,15,15,,-0.109645,-1.543482,0.183166,1.52
apartment_0,107,0.085564,22,22,,-0.109645,-1.543482,-0.316834,1.52
apartment_0,108,0.083031,21,21,,-0.109645,-1.543482,-0.816834,1.52
apartment_0,109,0.082584,21,21,,-0.109645,-1.543482,-1.316834,1.51
apartment_0,116,0.054945,9,9,,0.390355,-1.543482,7.183166,1.61
apartment_0,117,0.058421,11,11,,0.390355,-1.543482,6.683166,1.56
apartment_0,118,0.058138,10,10,,0.390355,-1.543482,6.183166,1.54
apartment_0,119,0.067862,14,14,,0.390355,-1.543482,5.683166,1.52
apartment_0,120,0.063326,12,12,,0.390355,-1.543482,5.183166,1.55
apartment_0,121,0.061282,12,12,,0.390355,-1.543482,4.683166,1.58
apartment_0,124,0.070075,15,15,,0.390355,-1.543482,3.183166,1.55
apartment_0,125,0.077892,18,18,,0.390355,-1.543482,2.683166,1.53
apartment_0,126,0.070354,15,15,,0.390355,-1.543482,2.183166,1.57
apartment_0,129,0.072346,16,16,,0.390355,-1.543482,0.683166,1.47
apartment_0,130,0.073645,17,17,,0.390355,-1.543482,0.183166,1.53
apartment_0,131,0.073046,16,16,,0.390355,-1.543482,-0.316834,1.52
apartment_0,132,0.072479,16,16,,0.390355,-1.543482,-0.816834,1.54
apartment_0,133,0.083986,21,21,,0.390355,-1.543482,-1.316834,1.49
apartment_0,139,0.053672,9,9,,0.890355,-1.543482,7.683166,1.62
apartment_0,140,0.05703,10,10,,0.890355,-1.543482,7.183166,1.54
apartment_0,141,0.058296,11,11,,0.890355,-1.543482,6.683166,1.54
apartment_0,142,0.061573,12,12,,0.890355,-1.543482,6.183166,1.54
apartment_0,143,0.065536,13,13,,0.890355,-1.543482,5.683166,1.55
apartment_0,144,0.06474,13,13,,0.890355,-1.543482,5.183166,1.53
apartment_0,145,0.061764,12,12,,0.890355,-1.543482,4.683166,1.57
apartment_0,146,0.059547,11,11,,0.890355,-1.543482,4.183166,1.54
apartment_0,147,0.064638,13,13,,0.890355,-1.543482,3.683166,1.53
apartment_0,148,0.080358,20,20,,0.890355,-1.543482,3.183166,1.55
apartment_0,149,0.078473,19,19,,0.890355,-1.543482,2.683166,1.53
apartment_0,153,0.076661,18,18,,0.890355,-1.543482,0.683166,1.49
apartment_0,154,0.074313,17,17,,0.890355,-1.543482,0.183166,1.49
apartment_0,155,0.077475,18,18,,0.890355,-1.543482,-0.316834,1.52
apartment_0,156,0.074307,17,17,,0.890355,-1.543482,-0.816834,1.52
apartment_0,157,0.07213,16,16,,0.890355,-1.543482,-1.316834,1.49
apartment_0,159,0.092072,26,26,,1.390355,-1.543482,9.183166,1.62
apartment_0,160,0.081657,20,20,,1.390355,-1.543482,8.683166,1.57
apartment_0,161,0.069583,15,15,,1.390355,-1.543482,8.183166,1.54
apartment_0,162,0.061063,12,12,,1.390355,-1.543482,7.683166,1.52
apartment_0,163,0.058609,11,11,,1.390355,-1.543482,7.183166,1.52
apartment_0,164,0.057682,10,10,,1.390355,-1.543482,6.683166,1.53
apartment_0,165,0.063551,12,12,,1.390355,-1.543482,6.183166,1.52
apartment_0,166,0.067604,14,14,,1.390355,-1.543482,5.683166,1.57
apartment_0,167,0.085089,22,22,,1.390355,-1.543482,5.183166,1.54
apartment_0,168,0.069511,15,15,,1.390355,-1.543482,4.683166,1.58
apartment_0,169,0.059282,11,11,,1.390355,-1.543482,4.183166,1.54
apartment_0,170,0.068692,14,14,,1.390355,-1.543482,3.683166,1.54
apartment_0,171,0.089507,24,24,,1.390355,-1.543482,3.183166,1.5
apartment_0,176,0.091873,25,25,,1.390355,-1.543482,0.683166,1.49
apartment_0,177,0.087795,23,23,,1.390355,-1.543482,0.183166,1.5
apartment_0,179,0.081041,20,20,,1.390355,-1.543482,-0.816834,1.49
apartment_0,180,0.077559,18,18,,1.390355,-1.543482,-1.316834,1.51
apartment_0,183,0.084437,22,22,,1.890355,-1.543482,8.683166,1.64
apartment_0,184,0.067591,14,14,,1.890355,-1.543482,8.183166,1.54
apartment_0,185,0.058284,11,11,,1.890355,-1.543482,7.683166,1.54
apartment_0,186,0.059847,11,11,,1.890355,-1.543482,7.183166,1.5
apartment_0,187,0.05923,11,11,,1.890355,-1.543482,6.683166,1.51
apartment_0,190,0.066899,14,14,,1.890355,-1.543482,4.183166,1.58
apartment_0,191,0.089379,24,24,,1.890355,-1.543482,3.683166,1.5
apartment_0,196,0.095151,27,27,,1.890355,-1.543482,-0.816834,1.38
apartment_0,197,0.075326,17,17,,1.890355,-1.543482,-1.316834,1.48
apartment_0,198,0.075204,17,17,,1.890355,-1.543482,-1.816834,1.47
apartment_0,199,0.082257,20,20,,1.890355,-1.543482,-2.316834,1.48
apartment_0,200,0.091689,25,25,,1.890355,-1.543482,-2.816834,1.47
apartment_0,201,0.093495,26,26,,1.890355,-1.543482,-3.316834,1.45
apartment_0,202,0.091217,25,25,,1.890355,-1.543482,-3.816834,1.47
apartment_0,203,0.107368,35,35,,1.890355,-1.543482,-4.316834,1.45
apartment_0,204,0.065706,13,13,,2.390355,-1.543482,8.183166,1.68
apartment_0,205,0.065177,13,13,,2.390355,-1.543482,7.683166,1.52
apartment_0,206,0.069488,15,15,,2.390355,-1.543482,7.183166,1.51
apartment_0,207,0.069099,15,15,,2.390355,-1.543482,6.683166,1.52
apartment_0,208,0.094819,27,27,,2.390355,-1.543482,6.183166,1.5
apartment_0,210,0.074357,17,17,,2.390355,-1.543482,3.683166,1.52
apartment_0,211,0.085418,22,22,,2.390355,-1.543482,3.183166,1.47
apartment_0,213,0.097808,29,29,,2.390355,-1.543482,2.183166,1.42
apartment_0,214,0.104532,33,33,,2.390355,-1.543482,1.683166,1.45
apartment_0,215,0.074924,17,17,,2.390355,-1.543482,-1.316834,1.34
apartment_0,216,0.077349,18,18,,2.390355,-1.543482,-1.816834,1.46
apartment_0,217,0.082371,21,21,,2.390355,-1.543482,-2.316834,1.46
apartment_0,218,0.084126,21,21,,2.390355,-1.543482,-2.816834,1.48
apartment_0,221,0.093552,26,26,,2.390355,-1.543482,-4.316834,1.42
apartment_0,222,0.095266,27,27,,2.890355,-1.543482,8.683166,1.63
apartment_0,223,0.074205,17,17,,2.890355,-1.543482,8.183166,1.49
apartment_0,224,0.067838,14,14,,2.890355,-1.543482,7.683166,1.5
apartment_0,225,0.074978,17,17,,2.890355,-1.543482,7.183166,1.48
apartment_0,226,0.077566,18,18,,2.890355,-1.543482,6.683166,1.49
apartment_0,227,0.083147,21,21,,2.890355,-1.543482,6.183166,1.46
apartment_0,229,0.078281,19,19,,2.890355,-1.543482,3.683166,1.5
apartment_0,230,0.081588,20,20,,2.890355,-1.543482,3.183166,1.5
apartment_0,231,0.083209,21,21,,2.890355,-1.543482,2.683166,1.45
apartment_0,232,0.085346,22,22,,2.890355,-1.543482,2.183166,1.47
apartment_0,233,0.091244,25,25,,2.890355,-1.543482,1.683166,1.48
apartment_0,234,0.099859,30,30,,2.890355,-1.543482,1.183166,1.45
apartment_0,237,0.083057,21,21,,2.890355,-1.543482,-1.316834,1.35
apartment_0,238,0.07657,18,18,,2.890355,-1.543482,-1.816834,1.47
apartment_0,239,0.077027,18,18,,2.890355,-1.543482,-2.316834,1.45
apartment_0,240,0.084308,21,21,,2.890355,-1.543482,-2.816834,1.47
apartment_0,242,0.08752,23,23,,2.890355,-1.543482,-3.816834,1.47
apartment_0,243,0.090922,25,25,,2.890355,-1.543482,-4.316834,1.46
apartment_0,244,0.085581,22,22,,3.390355,-1.543482,8.683166,1.65
apartment_0,245,0.081937,20,20,,3.390355,-1.543482,8.183166,1.52
apartment_0,246,0.075889,18,18,,3.390355,-1.543482,7.683166,1.46
apartment_0,247,0.077797,18,18,,3.390355,-1.543482,7.183166,1.49
apartment_0,248,0.085826,22,22,,3.390355,-1.543482,6.683166,1.5
apartment_0,249,0.094814,27,27,,3.390355,-1.543482,6.183166,1.45
apartment_0,251,0.080224,20,20,,3.390355,-1.543482,3.683166,1.53
apartment_0,252,0.083378,21,21,,3.390355,-1.543482,3.183166,1.46
apartment_0,253,0.082207,20,20,,3.390355,-1.543482,2.683166,1.48
apartment_0,254,0.087951,23,23,,3.390355,-1.543482,2.183166,1.44
apartment_0,255,0.081711,20,20,,3.390355,-1.543482,1.683166,1.47
apartment_0,256,0.090253,25,25,,3.390355,-1.543482,1.183166,1.45
apartment_0,258,0.114517,39,39,,3.390355,-1.543482,0.183166,1.43
apartment_0,259,0.114491,39,39,,3.390355,-1.543482,-0.316834,1.46
apartment_0,260,0.104959,33,33,,3.390355,-1.543482,-0.816834,1.45
apartment_0,261,0.084008,21,21,,3.390355,-1.543482,-1.316834,1.44
apartment_0,262,0.100234,30,30,,3.390355,-1.543482,-1.816834,1.42
apartment_0,263,0.101417,31,31,,3.390355,-1.543482,-2.316834,1.46
apartment_0,264,0.085693,22,22,,3.390355,-1.543482,-2.816834,1.45
apartment_0,267,0.091774,25,25,,3.390355,-1.543482,-4.316834,1.44
apartment_0,268,0.084496,22,22,,3.890355,-1.543482,8.683166,1.65
apartment_0,269,0.082356,21,21,,3.890355,-1.543482,8.183166,1.5
apartment_0,270,0.082899,21,21,,3.890355,-1.543482,7.683166,1.46
apartment_0,271,0.105759,34,34,,3.890355,-1.543482,7.183166,1.49
apartment_0,276,0.084462,22,22,,3.890355,-1.543482,3.683166,1.52
apartment_0,280,0.088766,24,24,,3.890355,-1.543482,1.683166,1.51
apartment_0,281,0.092865,26,26,,3.890355,-1.543482,1.183166,1.47
apartment_0,282,0.099194,30,30,,3.890355,-1.543482,0.683166,1.45
apartment_0,283,0.109507,36,36,,3.890355,-1.543482,0.183166,1.45
apartment_0,284,0.112601,38,38,,3.890355,-1.543482,-0.316834,1.44
apartment_0,285,0.124322,46,40,max,3.890355,-1.543482,-0.816834,1.46
apartment_0,286,0.09885,29,29,,3.890355,-1.543482,-3.316834,1.29
apartment_0,287,0.105307,33,33,,3.890355,-1.543482,-3.816834,1.42
apartment_0,288,0.108731,35,35,,3.890355,-1.543482,-4.316834,1.45
apartment_0,290,0.082038,20,20,,4.390355,-1.543482,8.683166,1.66
apartment_0,291,0.083584,21,21,,4.390355,-1.543482,8.183166,1.5
apartment_0,292,0.085785,22,22,,4.390355,-1.543482,7.683166,1.48
apartment_0,300,0.093271,26,26,,4.390355,-1.543482,3.683166,1.54
apartment_0,301,0.087961,23,23,,4.390355,-1.543482,3.183166,1.49
apartment_0,303,0.089442,24,24,,4.390355,-1.543482,2.183166,1.47
apartment_0,304,0.092747,26,26,,4.390355,-1.543482,1.683166,1.47
apartment_0,305,0.096852,28,28,,4.390355,-1.543482,1.183166,1.51
apartment_0,306,0.100003,30,30,,4.390355,-1.543482,0.683166,1.45
apartment_0,307,0.126516,48,40,max,4.390355,-1.543482,0.183166,1.47
apartment_0,308,0.123903,46,40,max,4.390355,-1.543482,-0.316834,1.44
apartment_0,310,0.120296,43,40,max,4.390355,-1.543482,-3.316834,1.29
apartment_0,313,0.092235,26,26,,4.890355,-1.543482,8.683166,1.62
apartment_0,314,0.082611,21,21,,4.890355,-1.543482,8.183166,1.5
apartment_0,315,0.092074,26,26,,4.890355,-1.543482,7.683166,1.46
apartment_0,316,0.110532,37,37,,4.890355,-1.543482,7.183166,1.46
apartment_0,322,0.107193,34,34,,4.890355,-1.543482,3.683166,1.54
apartment_0,323,0.103174,32,32,,4.890355,-1.543482,3.183166,1.49
apartment_0,325,0.095162,27,27,,4.890355,-1.543482,2.183166,1.48
apartment_0,326,0.098435,29,29,,4.890355,-1.543482,1.683166,1.46
apartment_0,327,0.099345,30,30,,4.890355,-1.543482,1.183166,1.48
apartment_0,330,0.108153,35,35,,5.390355,-1.543482,8.683166,1.46
apartment_0,331,0.088237,23,23,,5.390355,-1.543482,8.183166,1.47
apartment_0,332,0.091947,25,25,,5.390355,-1.543482,7.683166,1.47
apartment_0,333,0.098544,29,29,,5.390355,-1.543482,7.183166,1.47
apartment_0,334,0.109526,36,36,,5.390355,-1.543482,6.683166,1.49
